CODIGO CLIENTE;NF;VALOR PIX;PIX COPIA E COLA
Código Cliente;NF;Valor PIX;PIX Copia e Cola
0219-0114;1375962;301,38;00020126430014BR.GOV.BCB.PIX0121pix@tgrbebidas.com.br5204000053039865406301.385802BR5916TGR BEBIDAS LTDA6005IRECE62130509NF13759626304D1F0
0223-0128;1375963;521,04;00020126430014BR.GOV.BCB.PIX0121pix@tgrbebidas.com.br5204000053039865406521.045802BR5916TGR BEBIDAS LTDA6005IRECE62130509NF137596363048989
0223-0212;1375964;62,64;00020126430014BR.GOV.BCB.PIX0121pix@tgrbebidas.com.br520400005303986540562.645802BR5916TGR BEBIDAS LTDA6005IRECE62130509NF13759646304DCD9
0223-0002;1375966;183,30;00020126430014BR.GOV.BCB.PIX0121pix@tgrbebidas.com.br5204000053039865406183.305802BR5916TGR BEBIDAS LTDA6005IRECE62130509NF137596663049B9F
0223-0175;1375969;110,16;00020126430014BR.GOV.BCB.PIX0121pix@tgrbebidas.com.br5204000053039865406110.165802BR5916TGR BEBIDAS LTDA6005IRECE62130509NF13759696304D954
0223-0037;1375970;173,88;00020126430014BR.GOV.BCB.PIX0121pix@tgrbebidas.com.br5204000053039865406173.885802BR5916TGR BEBIDAS LTDA6005IRECE62130509NF137597063048E0A
0223-0228;1375972;170,52;00020126430014BR.GOV.BCB.PIX0121pix@tgrbebidas.com.br5204000053039865406170.525802BR5916TGR BEBIDAS LTDA6005IRECE62130509NF137597263049746
0223-0218;1375974;260,70;00020126430014BR.GOV.BCB.PIX0121pix@tgrbebidas.com.br5204000053039865406260.705802BR5916TGR BEBIDAS LTDA6005IRECE62130509NF137597463049E71
0200-1035;1376073;874,73;00020126430014BR.GOV.BCB.PIX0121pix@tgrbebidas.com.br5204000053039865406874.735802BR5916TGR BEBIDAS LTDA6005IRECE62130509NF1376073630427E7
0208-0276;1376075;312,24;00020126430014BR.GOV.BCB.PIX0121pix@tgrbebidas.com.br5204000053039865406312.245802BR5916TGR BEBIDAS LTDA6005IRECE62130509NF13760756304E351
0202-0159;1375869;91,98;00020126430014BR.GOV.BCB.PIX0121pix@tgrbebidas.com.br520400005303986540591.985802BR5916TGR BEBIDAS LTDA6005IRECE62130509NF13758696304274E
0202-0260;1375870;1655,10;00020126430014BR.GOV.BCB.PIX0121pix@tgrbebidas.com.br52040000530398654071655.105802BR5916TGR BEBIDAS LTDA6005IRECE62130509NF1375870630442A0
0202-0259;1375871;152,82;00020126430014BR.GOV.BCB.PIX0121pix@tgrbebidas.com.br5204000053039865406152.825802BR5916TGR BEBIDAS LTDA6005IRECE62130509NF137587163040452
0202-0277;1375872;1144,14;00020126430014BR.GOV.BCB.PIX0121pix@tgrbebidas.com.br52040000530398654071144.145802BR5916TGR BEBIDAS LTDA6005IRECE62130509NF13758726304C83F
0202-0286;1375873;250,38;00020126430014BR.GOV.BCB.PIX0121pix@tgrbebidas.com.br5204000053039865406250.385802BR5916TGR BEBIDAS LTDA6005IRECE62130509NF1375873630469A2
0202-0090;1375874;147,24;00020126430014BR.GOV.BCB.PIX0121pix@tgrbebidas.com.br5204000053039865406147.245802BR5916TGR BEBIDAS LTDA6005IRECE62130509NF13758746304BC00
0213-0054;1375881;237,12;00020126430014BR.GOV.BCB.PIX0121pix@tgrbebidas.com.br5204000053039865406237.125802BR5916TGR BEBIDAS LTDA6005IRECE62130509NF1375881630493E7
0213-0385;1375882;677,70;00020126430014BR.GOV.BCB.PIX0121pix@tgrbebidas.com.br5204000053039865406677.705802BR5916TGR BEBIDAS LTDA6005IRECE62130509NF1375882630498F9
0214-0215;1375886;170,88;00020126430014BR.GOV.BCB.PIX0121pix@tgrbebidas.com.br5204000053039865406170.885802BR5916TGR BEBIDAS LTDA6005IRECE62130509NF13758866304E31D
0214-0268;1375887;1235,46;00020126430014BR.GOV.BCB.PIX0121pix@tgrbebidas.com.br52040000530398654071235.465802BR5916TGR BEBIDAS LTDA6005IRECE62130509NF1375887630440D6
0214-0034;1375888;63,12;00020126430014BR.GOV.BCB.PIX0121pix@tgrbebidas.com.br520400005303986540563.125802BR5916TGR BEBIDAS LTDA6005IRECE62130509NF137588863047083
0214-0006;1375890;345,96;00020126430014BR.GOV.BCB.PIX0121pix@tgrbebidas.com.br5204000053039865406345.965802BR5916TGR BEBIDAS LTDA6005IRECE62130509NF1375890630458A6
0214-0283;1375891;120,60;00020126430014BR.GOV.BCB.PIX0121pix@tgrbebidas.com.br5204000053039865406120.605802BR5916TGR BEBIDAS LTDA6005IRECE62130509NF13758916304E837
0214-0190;1375892;180,72;00020126430014BR.GOV.BCB.PIX0121pix@tgrbebidas.com.br5204000053039865406180.725802BR5916TGR BEBIDAS LTDA6005IRECE62130509NF13758926304E0FA
0214-0266;1375893;260,04;00020126430014BR.GOV.BCB.PIX0121pix@tgrbebidas.com.br5204000053039865406260.045802BR5916TGR BEBIDAS LTDA6005IRECE62130509NF137589363044A70
0214-0115;1375895;173,94;00020126430014BR.GOV.BCB.PIX0121pix@tgrbebidas.com.br5204000053039865406173.945802BR5916TGR BEBIDAS LTDA6005IRECE62130509NF13758956304E2B3
0214-0289;1375897;286,80;00020126430014BR.GOV.BCB.PIX0121pix@tgrbebidas.com.br5204000053039865406286.805802BR5916TGR BEBIDAS LTDA6005IRECE62130509NF13758976304E516
0214-0054;1375898;52,14;00020126430014BR.GOV.BCB.PIX0121pix@tgrbebidas.com.br520400005303986540552.145802BR5916TGR BEBIDAS LTDA6005IRECE62130509NF137589863041481
0214-0072;1375900;170,10;00020126430014BR.GOV.BCB.PIX0121pix@tgrbebidas.com.br5204000053039865406170.105802BR5916TGR BEBIDAS LTDA6005IRECE62130509NF137590063044975
0214-0271;1375901;726,76;00020126430014BR.GOV.BCB.PIX0121pix@tgrbebidas.com.br5204000053039865406726.765802BR5916TGR BEBIDAS LTDA6005IRECE62130509NF137590163045CF7
0214-0045;1375902;97,39;00020126430014BR.GOV.BCB.PIX0121pix@tgrbebidas.com.br520400005303986540597.395802BR5916TGR BEBIDAS LTDA6005IRECE62130509NF137590263040EAC
0208-0285;1375907;185,17;00020126430014BR.GOV.BCB.PIX0121pix@tgrbebidas.com.br5204000053039865406185.175802BR5916TGR BEBIDAS LTDA6005IRECE62130509NF13759076304C6BB
0214-0183;1375908;186,84;00020126430014BR.GOV.BCB.PIX0121pix@tgrbebidas.com.br5204000053039865406186.845802BR5916TGR BEBIDAS LTDA6005IRECE62130509NF13759086304A3DE
0214-0217;1375912;269,28;00020126430014BR.GOV.BCB.PIX0121pix@tgrbebidas.com.br5204000053039865406269.285802BR5916TGR BEBIDAS LTDA6005IRECE62130509NF13759126304BA67
0214-0181;1375914;184,56;00020126430014BR.GOV.BCB.PIX0121pix@tgrbebidas.com.br5204000053039865406184.565802BR5916TGR BEBIDAS LTDA6005IRECE62130509NF137591463043479
0214-0254;1375917;120,80;00020126430014BR.GOV.BCB.PIX0121pix@tgrbebidas.com.br5204000053039865406120.805802BR5916TGR BEBIDAS LTDA6005IRECE62130509NF137591763042932
0214-0282;1375920;219,06;00020126430014BR.GOV.BCB.PIX0121pix@tgrbebidas.com.br5204000053039865406219.065802BR5916TGR BEBIDAS LTDA6005IRECE62130509NF137592063045D29
0214-0280;1375924;83,10;00020126430014BR.GOV.BCB.PIX0121pix@tgrbebidas.com.br520400005303986540583.105802BR5916TGR BEBIDAS LTDA6005IRECE62130509NF13759246304C263
0214-0259;1375925;663,72;00020126430014BR.GOV.BCB.PIX0121pix@tgrbebidas.com.br5204000053039865406663.725802BR5916TGR BEBIDAS LTDA6005IRECE62130509NF137592563047A6B
0214-0253;1375926;553,70;00020126430014BR.GOV.BCB.PIX0121pix@tgrbebidas.com.br5204000053039865406553.705802BR5916TGR BEBIDAS LTDA6005IRECE62130509NF13759266304DDE6
0214-0287;1375927;545,34;00020126430014BR.GOV.BCB.PIX0121pix@tgrbebidas.com.br5204000053039865406545.345802BR5916TGR BEBIDAS LTDA6005IRECE62130509NF13759276304A70A
0214-0288;1375928;420,06;00020126430014BR.GOV.BCB.PIX0121pix@tgrbebidas.com.br5204000053039865406420.065802BR5916TGR BEBIDAS LTDA6005IRECE62130509NF137592863048CAF
0214-0272;1375929;288,54;00020126430014BR.GOV.BCB.PIX0121pix@tgrbebidas.com.br5204000053039865406288.545802BR5916TGR BEBIDAS LTDA6005IRECE62130509NF137592963043FCF
0214-0100;1375932;448,26;00020126430014BR.GOV.BCB.PIX0121pix@tgrbebidas.com.br5204000053039865406448.265802BR5916TGR BEBIDAS LTDA6005IRECE62130509NF13759326304FE70
0220-0247;1375938;271,92;00020126430014BR.GOV.BCB.PIX0121pix@tgrbebidas.com.br5204000053039865406271.925802BR5916TGR BEBIDAS LTDA6005IRECE62130509NF13759386304674C
0214-0171;1375939;427,86;00020126430014BR.GOV.BCB.PIX0121pix@tgrbebidas.com.br5204000053039865406427.865802BR5916TGR BEBIDAS LTDA6005IRECE62130509NF1375939630489E4
0223-0157;1375942;169,56;00020126430014BR.GOV.BCB.PIX0121pix@tgrbebidas.com.br5204000053039865406169.565802BR5916TGR BEBIDAS LTDA6005IRECE62130509NF137594263046E52
0223-0217;1375944;356,28;00020126430014BR.GOV.BCB.PIX0121pix@tgrbebidas.com.br5204000053039865406356.285802BR5916TGR BEBIDAS LTDA6005IRECE62130509NF137594463043FBC
0223-0171;1375946;334,19;00020126430014BR.GOV.BCB.PIX0121pix@tgrbebidas.com.br5204000053039865406334.195802BR5916TGR BEBIDAS LTDA6005IRECE62130509NF13759466304EE3F
0223-0162;1375950;83,76;00020126430014BR.GOV.BCB.PIX0121pix@tgrbebidas.com.br520400005303986540583.765802BR5916TGR BEBIDAS LTDA6005IRECE62130509NF13759506304B08E
0223-0162;1375952;40,92;00020126430014BR.GOV.BCB.PIX0121pix@tgrbebidas.com.br520400005303986540540.925802BR5916TGR BEBIDAS LTDA6005IRECE62130509NF1375952630454AB
0223-0003;1375953;79,26;00020126430014BR.GOV.BCB.PIX0121pix@tgrbebidas.com.br520400005303986540579.265802BR5916TGR BEBIDAS LTDA6005IRECE62130509NF137595363042981
0223-0226;1375954;130,72;00020126430014BR.GOV.BCB.PIX0121pix@tgrbebidas.com.br5204000053039865406130.725802BR5916TGR BEBIDAS LTDA6005IRECE62130509NF1375954630499EF
0223-0104;1375957;208,87;00020126430014BR.GOV.BCB.PIX0121pix@tgrbebidas.com.br5204000053039865406208.875802BR5916TGR BEBIDAS LTDA6005IRECE62130509NF137595763047592
0223-0181;1375958;1100,85;00020126430014BR.GOV.BCB.PIX0121pix@tgrbebidas.com.br52040000530398654071100.855802BR5916TGR BEBIDAS LTDA6005IRECE62130509NF13759586304F4A8
0223-0208;1375959;649,08;00020126430014BR.GOV.BCB.PIX0121pix@tgrbebidas.com.br5204000053039865406649.085802BR5916TGR BEBIDAS LTDA6005IRECE62130509NF137595963042285
0223-0035;1375960;326,88;00020126430014BR.GOV.BCB.PIX0121pix@tgrbebidas.com.br5204000053039865406326.885802BR5916TGR BEBIDAS LTDA6005IRECE62130509NF137596063046572
0223-0206;1375961;954,96;00020126430014BR.GOV.BCB.PIX0121pix@tgrbebidas.com.br5204000053039865406954.965802BR5916TGR BEBIDAS LTDA6005IRECE62130509NF137596163047451
0205-0234;1375979;496,23;00020126430014BR.GOV.BCB.PIX0121pix@tgrbebidas.com.br5204000053039865406496.235802BR5916TGR BEBIDAS LTDA6005IRECE62130509NF137597963043792
0205-0021;1375984;239,48;00020126430014BR.GOV.BCB.PIX0121pix@tgrbebidas.com.br5204000053039865406239.485802BR5916TGR BEBIDAS LTDA6005IRECE62130509NF1375984630453C6
0205-0267;1375986;186,30;00020126430014BR.GOV.BCB.PIX0121pix@tgrbebidas.com.br5204000053039865406186.305802BR5916TGR BEBIDAS LTDA6005IRECE62130509NF137598663046D0D
0205-0247;1375990;1643,28;00020126430014BR.GOV.BCB.PIX0121pix@tgrbebidas.com.br52040000530398654071643.285802BR5916TGR BEBIDAS LTDA6005IRECE62130509NF137599063049E64
0205-0227;1375991;212,34;00020126430014BR.GOV.BCB.PIX0121pix@tgrbebidas.com.br5204000053039865406212.345802BR5916TGR BEBIDAS LTDA6005IRECE62130509NF13759916304E5C7
0205-0246;1375994;201,42;00020126430014BR.GOV.BCB.PIX0121pix@tgrbebidas.com.br5204000053039865406201.425802BR5916TGR BEBIDAS LTDA6005IRECE62130509NF13759946304E62C
0205-0266;1376001;135,96;00020126430014BR.GOV.BCB.PIX0121pix@tgrbebidas.com.br5204000053039865406135.965802BR5916TGR BEBIDAS LTDA6005IRECE62130509NF137600163048A44
0205-0006;1376002;156,66;00020126430014BR.GOV.BCB.PIX0121pix@tgrbebidas.com.br5204000053039865406156.665802BR5916TGR BEBIDAS LTDA6005IRECE62130509NF137600263045212
0205-0263;1376005;114,72;00020126430014BR.GOV.BCB.PIX0121pix@tgrbebidas.com.br5204000053039865406114.725802BR5916TGR BEBIDAS LTDA6005IRECE62130509NF13760056304ED18
0205-0252;1376007;212,58;00020126430014BR.GOV.BCB.PIX0121pix@tgrbebidas.com.br5204000053039865406212.585802BR5916TGR BEBIDAS LTDA6005IRECE62130509NF1376007630420F4
0216-0478;1376008;21,24;00020126430014BR.GOV.BCB.PIX0121pix@tgrbebidas.com.br520400005303986540521.245802BR5916TGR BEBIDAS LTDA6005IRECE62130509NF13760086304EFA1
0216-0319;1376009;170,64;00020126430014BR.GOV.BCB.PIX0121pix@tgrbebidas.com.br5204000053039865406170.645802BR5916TGR BEBIDAS LTDA6005IRECE62130509NF1376009630489A7
0205-0264;1376010;204,12;00020126430014BR.GOV.BCB.PIX0121pix@tgrbebidas.com.br5204000053039865406204.125802BR5916TGR BEBIDAS LTDA6005IRECE62130509NF137601063041DAC
0205-0241;1376011;1367,70;00020126430014BR.GOV.BCB.PIX0121pix@tgrbebidas.com.br52040000530398654071367.705802BR5916TGR BEBIDAS LTDA6005IRECE62130509NF1376011630475BD
0205-0018;1376012;146,52;00020126430014BR.GOV.BCB.PIX0121pix@tgrbebidas.com.br5204000053039865406146.525802BR5916TGR BEBIDAS LTDA6005IRECE62130509NF13760126304B80F
0216-0523;1376017;221,58;00020126430014BR.GOV.BCB.PIX0121pix@tgrbebidas.com.br5204000053039865406221.585802BR5916TGR BEBIDAS LTDA6005IRECE62130509NF137601763045274
0205-0259;1376018;1017,32;00020126430014BR.GOV.BCB.PIX0121pix@tgrbebidas.com.br52040000530398654071017.325802BR5916TGR BEBIDAS LTDA6005IRECE62130509NF137601863049F65
0200-2514;1376023;350,40;00020126430014BR.GOV.BCB.PIX0121pix@tgrbebidas.com.br5204000053039865406350.405802BR5916TGR BEBIDAS LTDA6005IRECE62130509NF1376023630461CA
0200-3098;1376024;256,44;00020126430014BR.GOV.BCB.PIX0121pix@tgrbebidas.com.br5204000053039865406256.445802BR5916TGR BEBIDAS LTDA6005IRECE62130509NF1376024630489D5
0200-3064;1376027;111,84;00020126430014BR.GOV.BCB.PIX0121pix@tgrbebidas.com.br5204000053039865406111.845802BR5916TGR BEBIDAS LTDA6005IRECE62130509NF137602763040A22
0200-3064;1376028;146,82;00020126430014BR.GOV.BCB.PIX0121pix@tgrbebidas.com.br5204000053039865406146.825802BR5916TGR BEBIDAS LTDA6005IRECE62130509NF137602863042039
0200-2084;1376029;441,60;00020126430014BR.GOV.BCB.PIX0121pix@tgrbebidas.com.br5204000053039865406441.605802BR5916TGR BEBIDAS LTDA6005IRECE62130509NF137602963048823
0208-0263;1376030;613,91;00020126430014BR.GOV.BCB.PIX0121pix@tgrbebidas.com.br5204000053039865406613.915802BR5916TGR BEBIDAS LTDA6005IRECE62130509NF137603063046AB9
0200-3065;1376032;754,58;00020126430014BR.GOV.BCB.PIX0121pix@tgrbebidas.com.br5204000053039865406754.585802BR5916TGR BEBIDAS LTDA6005IRECE62130509NF1376032630494EE
0200-1439;1376034;133,44;00020126430014BR.GOV.BCB.PIX0121pix@tgrbebidas.com.br5204000053039865406133.445802BR5916TGR BEBIDAS LTDA6005IRECE62130509NF13760346304F3A1
0200-2801;1376035;294,14;00020126430014BR.GOV.BCB.PIX0121pix@tgrbebidas.com.br5204000053039865406294.145802BR5916TGR BEBIDAS LTDA6005IRECE62130509NF1376035630471F4
0200-3115;1376036;629,04;00020126430014BR.GOV.BCB.PIX0121pix@tgrbebidas.com.br5204000053039865406629.045802BR5916TGR BEBIDAS LTDA6005IRECE62130509NF137603663040CDF
0200-0248;1376038;1883,26;00020126430014BR.GOV.BCB.PIX0121pix@tgrbebidas.com.br52040000530398654071883.265802BR5916TGR BEBIDAS LTDA6005IRECE62130509NF137603863044B2A
0200-0248;1376039;2560,80;00020126430014BR.GOV.BCB.PIX0121pix@tgrbebidas.com.br52040000530398654072560.805802BR5916TGR BEBIDAS LTDA6005IRECE62130509NF13760396304FE46
0200-2899;1376040;665,70;00020126430014BR.GOV.BCB.PIX0121pix@tgrbebidas.com.br5204000053039865406665.705802BR5916TGR BEBIDAS LTDA6005IRECE62130509NF13760406304B34E
0208-0078;1376043;131,71;00020126430014BR.GOV.BCB.PIX0121pix@tgrbebidas.com.br5204000053039865406131.715802BR5916TGR BEBIDAS LTDA6005IRECE62130509NF137604363045363
0208-0092;1376045;496,74;00020126430014BR.GOV.BCB.PIX0121pix@tgrbebidas.com.br5204000053039865406496.745802BR5916TGR BEBIDAS LTDA6005IRECE62130509NF137604563049474
0208-0045;1376046;143,88;00020126430014BR.GOV.BCB.PIX0121pix@tgrbebidas.com.br5204000053039865406143.885802BR5916TGR BEBIDAS LTDA6005IRECE62130509NF137604663048406
0208-0265;1376050;411,96;00020126430014BR.GOV.BCB.PIX0121pix@tgrbebidas.com.br5204000053039865406411.965802BR5916TGR BEBIDAS LTDA6005IRECE62130509NF137605063049987
0208-0270;1376053;215,36;00020126430014BR.GOV.BCB.PIX0121pix@tgrbebidas.com.br5204000053039865406215.365802BR5916TGR BEBIDAS LTDA6005IRECE62130509NF13760536304767B
0208-0297;1376056;228,90;00020126430014BR.GOV.BCB.PIX0121pix@tgrbebidas.com.br5204000053039865406228.905802BR5916TGR BEBIDAS LTDA6005IRECE62130509NF13760566304F794
0208-0107;1376060;181,44;00020126430014BR.GOV.BCB.PIX0121pix@tgrbebidas.com.br5204000053039865406181.445802BR5916TGR BEBIDAS LTDA6005IRECE62130509NF13760606304580B
0208-0081;1376061;109,02;00020126430014BR.GOV.BCB.PIX0121pix@tgrbebidas.com.br5204000053039865406109.025802BR5916TGR BEBIDAS LTDA6005IRECE62130509NF137606163049862
0208-0296;1376062;106,08;00020126430014BR.GOV.BCB.PIX0121pix@tgrbebidas.com.br5204000053039865406106.085802BR5916TGR BEBIDAS LTDA6005IRECE62130509NF137606263047CA4
0208-0014;1376063;615,48;00020126430014BR.GOV.BCB.PIX0121pix@tgrbebidas.com.br5204000053039865406615.485802BR5916TGR BEBIDAS LTDA6005IRECE62130509NF137606363045C9A
0208-0289;1376065;93,17;00020126430014BR.GOV.BCB.PIX0121pix@tgrbebidas.com.br520400005303986540593.175802BR5916TGR BEBIDAS LTDA6005IRECE62130509NF137606563043B42
0208-0267;1376066;328,38;00020126430014BR.GOV.BCB.PIX0121pix@tgrbebidas.com.br5204000053039865406328.385802BR5916TGR BEBIDAS LTDA6005IRECE62130509NF1376066630439BD
0228-0239;1375717;147,30;00020126430014BR.GOV.BCB.PIX0121pix@tgrbebidas.com.br5204000053039865406147.305802BR5916TGR BEBIDAS LTDA6005IRECE62130509NF137571763049D5A
0228-0239;1375719;253,68;00020126430014BR.GOV.BCB.PIX0121pix@tgrbebidas.com.br5204000053039865406253.685802BR5916TGR BEBIDAS LTDA6005IRECE62130509NF137571963041FB8
0228-0112;1375721;432,36;00020126430014BR.GOV.BCB.PIX0121pix@tgrbebidas.com.br5204000053039865406432.365802BR5916TGR BEBIDAS LTDA6005IRECE62130509NF13757216304808F
0228-0716;1375724;327,12;00020126430014BR.GOV.BCB.PIX0121pix@tgrbebidas.com.br5204000053039865406327.125802BR5916TGR BEBIDAS LTDA6005IRECE62130509NF137572463049E37
0228-0151;1375727;137,52;00020126430014BR.GOV.BCB.PIX0121pix@tgrbebidas.com.br5204000053039865406137.525802BR5916TGR BEBIDAS LTDA6005IRECE62130509NF13757276304A3F7
0228-0730;1375729;491,04;00020126430014BR.GOV.BCB.PIX0121pix@tgrbebidas.com.br5204000053039865406491.045802BR5916TGR BEBIDAS LTDA6005IRECE62130509NF1375729630487C0
0228-0752;1375732;184,08;00020126430014BR.GOV.BCB.PIX0121pix@tgrbebidas.com.br5204000053039865406184.085802BR5916TGR BEBIDAS LTDA6005IRECE62130509NF1375732630465E9
0228-0441;1375733;307,56;00020126430014BR.GOV.BCB.PIX0121pix@tgrbebidas.com.br5204000053039865406307.565802BR5916TGR BEBIDAS LTDA6005IRECE62130509NF137573363042DEF
0228-0132;1375734;172,44;00020126430014BR.GOV.BCB.PIX0121pix@tgrbebidas.com.br5204000053039865406172.445802BR5916TGR BEBIDAS LTDA6005IRECE62130509NF13757346304EF3E
0228-0575;1375740;154,08;00020126430014BR.GOV.BCB.PIX0121pix@tgrbebidas.com.br5204000053039865406154.085802BR5916TGR BEBIDAS LTDA6005IRECE62130509NF137574063042BB8
0228-0104;1375742;296,64;00020126430014BR.GOV.BCB.PIX0121pix@tgrbebidas.com.br5204000053039865406296.645802BR5916TGR BEBIDAS LTDA6005IRECE62130509NF13757426304BD2E
0228-0166;1375743;158,82;00020126430014BR.GOV.BCB.PIX0121pix@tgrbebidas.com.br5204000053039865406158.825802BR5916TGR BEBIDAS LTDA6005IRECE62130509NF13757436304E8BA
0228-0697;1375746;240,60;00020126430014BR.GOV.BCB.PIX0121pix@tgrbebidas.com.br5204000053039865406240.605802BR5916TGR BEBIDAS LTDA6005IRECE62130509NF1375746630402AC
0228-0401;1375747;495,30;00020126430014BR.GOV.BCB.PIX0121pix@tgrbebidas.com.br5204000053039865406495.305802BR5916TGR BEBIDAS LTDA6005IRECE62130509NF13757476304FEFA
0211-0333;1375750;288,09;00020126430014BR.GOV.BCB.PIX0121pix@tgrbebidas.com.br5204000053039865406288.095802BR5916TGR BEBIDAS LTDA6005IRECE62130509NF13757506304F8A9
0211-0307;1375751;560,16;00020126430014BR.GOV.BCB.PIX0121pix@tgrbebidas.com.br5204000053039865406560.165802BR5916TGR BEBIDAS LTDA6005IRECE62130509NF137575163044471
0211-0145;1375753;310,20;00020126430014BR.GOV.BCB.PIX0121pix@tgrbebidas.com.br5204000053039865406310.205802BR5916TGR BEBIDAS LTDA6005IRECE62130509NF137575363044DCC
0211-0347;1375754;345,72;00020126430014BR.GOV.BCB.PIX0121pix@tgrbebidas.com.br5204000053039865406345.725802BR5916TGR BEBIDAS LTDA6005IRECE62130509NF13757546304B6DF
0211-0010;1375756;130,02;00020126430014BR.GOV.BCB.PIX0121pix@tgrbebidas.com.br5204000053039865406130.025802BR5916TGR BEBIDAS LTDA6005IRECE62130509NF137575663043B25
0211-0178;1375757;173,10;00020126430014BR.GOV.BCB.PIX0121pix@tgrbebidas.com.br5204000053039865406173.105802BR5916TGR BEBIDAS LTDA6005IRECE62130509NF1375757630482D8
0211-0125;1375758;104,46;00020126430014BR.GOV.BCB.PIX0121pix@tgrbebidas.com.br5204000053039865406104.465802BR5916TGR BEBIDAS LTDA6005IRECE62130509NF13757586304F1EF
0211-0006;1375761;111,12;00020126430014BR.GOV.BCB.PIX0121pix@tgrbebidas.com.br5204000053039865406111.125802BR5916TGR BEBIDAS LTDA6005IRECE62130509NF137576163040D68
0211-0297;1375762;476,88;00020126430014BR.GOV.BCB.PIX0121pix@tgrbebidas.com.br5204000053039865406476.885802BR5916TGR BEBIDAS LTDA6005IRECE62130509NF137576263044F1D
0211-0119;1375765;115,08;00020126430014BR.GOV.BCB.PIX0121pix@tgrbebidas.com.br5204000053039865406115.085802BR5916TGR BEBIDAS LTDA6005IRECE62130509NF137576563044E01
0207-0099;1375766;566,65;00020126430014BR.GOV.BCB.PIX0121pix@tgrbebidas.com.br5204000053039865406566.655802BR5916TGR BEBIDAS LTDA6005IRECE62130509NF13757666304224B
0211-0352;1375769;372,54;00020126430014BR.GOV.BCB.PIX0121pix@tgrbebidas.com.br5204000053039865406372.545802BR5916TGR BEBIDAS LTDA6005IRECE62130509NF13757696304EDAB
0211-0168;1375772;88,14;00020126430014BR.GOV.BCB.PIX0121pix@tgrbebidas.com.br520400005303986540588.145802BR5916TGR BEBIDAS LTDA6005IRECE62130509NF137577263047694
0211-0337;1375773;109,44;00020126430014BR.GOV.BCB.PIX0121pix@tgrbebidas.com.br5204000053039865406109.445802BR5916TGR BEBIDAS LTDA6005IRECE62130509NF137577363044557
0211-0063;1375774;238,20;00020126430014BR.GOV.BCB.PIX0121pix@tgrbebidas.com.br5204000053039865406238.205802BR5916TGR BEBIDAS LTDA6005IRECE62130509NF13757746304E339
0221-0128;1375775;50,52;00020126430014BR.GOV.BCB.PIX0121pix@tgrbebidas.com.br520400005303986540550.525802BR5916TGR BEBIDAS LTDA6005IRECE62130509NF137577563045429
0211-0182;1375776;245,28;00020126430014BR.GOV.BCB.PIX0121pix@tgrbebidas.com.br5204000053039865406245.285802BR5916TGR BEBIDAS LTDA6005IRECE62130509NF1375776630478CB
0211-0296;1375777;625,78;00020126430014BR.GOV.BCB.PIX0121pix@tgrbebidas.com.br5204000053039865406625.785802BR5916TGR BEBIDAS LTDA6005IRECE62130509NF137577763040206
0211-0039;1375778;55,56;00020126430014BR.GOV.BCB.PIX0121pix@tgrbebidas.com.br520400005303986540555.565802BR5916TGR BEBIDAS LTDA6005IRECE62130509NF137577863045CB4
0211-0334;1375781;135,43;00020126430014BR.GOV.BCB.PIX0121pix@tgrbebidas.com.br5204000053039865406135.435802BR5916TGR BEBIDAS LTDA6005IRECE62130509NF13757816304867C
0200-2939;1375785;765,48;00020126430014BR.GOV.BCB.PIX0121pix@tgrbebidas.com.br5204000053039865406765.485802BR5916TGR BEBIDAS LTDA6005IRECE62130509NF137578563042760
0200-0582;1375788;152,82;00020126430014BR.GOV.BCB.PIX0121pix@tgrbebidas.com.br5204000053039865406152.825802BR5916TGR BEBIDAS LTDA6005IRECE62130509NF13757886304E3C4
0200-3155;1375789;461,46;00020126430014BR.GOV.BCB.PIX0121pix@tgrbebidas.com.br5204000053039865406461.465802BR5916TGR BEBIDAS LTDA6005IRECE62130509NF1375789630422C0
0200-0024;1375791;81,24;00020126430014BR.GOV.BCB.PIX0121pix@tgrbebidas.com.br520400005303986540581.245802BR5916TGR BEBIDAS LTDA6005IRECE62130509NF1375791630480AC
0200-0153;1375792;56,88;00020126430014BR.GOV.BCB.PIX0121pix@tgrbebidas.com.br520400005303986540556.885802BR5916TGR BEBIDAS LTDA6005IRECE62130509NF1375792630498A0
0200-0594;1375794;320,31;00020126430014BR.GOV.BCB.PIX0121pix@tgrbebidas.com.br5204000053039865406320.315802BR5916TGR BEBIDAS LTDA6005IRECE62130509NF13757946304C398
0200-3060;1375798;245,76;00020126430014BR.GOV.BCB.PIX0121pix@tgrbebidas.com.br5204000053039865406245.765802BR5916TGR BEBIDAS LTDA6005IRECE62130509NF13757986304121D
0200-0585;1375802;49,20;00020126430014BR.GOV.BCB.PIX0121pix@tgrbebidas.com.br520400005303986540549.205802BR5916TGR BEBIDAS LTDA6005IRECE62130509NF13758026304E25D
0200-2618;1375805;380,52;00020126430014BR.GOV.BCB.PIX0121pix@tgrbebidas.com.br5204000053039865406380.525802BR5916TGR BEBIDAS LTDA6005IRECE62130509NF1375805630406F9
0200-2164;1375807;626,04;00020126430014BR.GOV.BCB.PIX0121pix@tgrbebidas.com.br5204000053039865406626.045802BR5916TGR BEBIDAS LTDA6005IRECE62130509NF13758076304A9E5
0200-0445;1375809;677,00;00020126430014BR.GOV.BCB.PIX0121pix@tgrbebidas.com.br5204000053039865406677.005802BR5916TGR BEBIDAS LTDA6005IRECE62130509NF13758096304AD85
0200-2557;1375814;1771,98;00020126430014BR.GOV.BCB.PIX0121pix@tgrbebidas.com.br52040000530398654071771.985802BR5916TGR BEBIDAS LTDA6005IRECE62130509NF13758146304061D
0200-3017;1375818;488,28;00020126430014BR.GOV.BCB.PIX0121pix@tgrbebidas.com.br5204000053039865406488.285802BR5916TGR BEBIDAS LTDA6005IRECE62130509NF13758186304DF4D
0200-2856;1375826;1245,33;00020126430014BR.GOV.BCB.PIX0121pix@tgrbebidas.com.br52040000530398654071245.335802BR5916TGR BEBIDAS LTDA6005IRECE62130509NF13758266304E446
0219-0116;1375831;541,69;00020126430014BR.GOV.BCB.PIX0121pix@tgrbebidas.com.br5204000053039865406541.695802BR5916TGR BEBIDAS LTDA6005IRECE62130509NF13758316304CFE3
0219-0049;1375835;181,14;00020126430014BR.GOV.BCB.PIX0121pix@tgrbebidas.com.br5204000053039865406181.145802BR5916TGR BEBIDAS LTDA6005IRECE62130509NF1375835630489C9
0219-0170;1375836;249,84;00020126430014BR.GOV.BCB.PIX0121pix@tgrbebidas.com.br5204000053039865406249.845802BR5916TGR BEBIDAS LTDA6005IRECE62130509NF1375836630497E3
0219-0109;1375837;125,28;00020126430014BR.GOV.BCB.PIX0121pix@tgrbebidas.com.br5204000053039865406125.285802BR5916TGR BEBIDAS LTDA6005IRECE62130509NF137583763041737
0219-0176;1375839;412,98;00020126430014BR.GOV.BCB.PIX0121pix@tgrbebidas.com.br5204000053039865406412.985802BR5916TGR BEBIDAS LTDA6005IRECE62130509NF13758396304F5A3
0219-0107;1375841;300,97;00020126430014BR.GOV.BCB.PIX0121pix@tgrbebidas.com.br5204000053039865406300.975802BR5916TGR BEBIDAS LTDA6005IRECE62130509NF137584163042381
0219-0094;1375844;204,18;00020126430014BR.GOV.BCB.PIX0121pix@tgrbebidas.com.br5204000053039865406204.185802BR5916TGR BEBIDAS LTDA6005IRECE62130509NF137584463041C34
0200-0809;1375848;905,04;00020126430014BR.GOV.BCB.PIX0121pix@tgrbebidas.com.br5204000053039865406905.045802BR5916TGR BEBIDAS LTDA6005IRECE62130509NF13758486304399B
0219-0184;1375849;376,46;00020126430014BR.GOV.BCB.PIX0121pix@tgrbebidas.com.br5204000053039865406376.465802BR5916TGR BEBIDAS LTDA6005IRECE62130509NF1375849630499C1
0219-0183;1375850;266,76;00020126430014BR.GOV.BCB.PIX0121pix@tgrbebidas.com.br5204000053039865406266.765802BR5916TGR BEBIDAS LTDA6005IRECE62130509NF13758506304FFAA
0202-0278;1375852;613,49;00020126430014BR.GOV.BCB.PIX0121pix@tgrbebidas.com.br5204000053039865406613.495802BR5916TGR BEBIDAS LTDA6005IRECE62130509NF1375852630457D7
0202-0086;1375853;126,30;00020126430014BR.GOV.BCB.PIX0121pix@tgrbebidas.com.br5204000053039865406126.305802BR5916TGR BEBIDAS LTDA6005IRECE62130509NF13758536304E6DA
0202-0043;1375854;215,04;00020126430014BR.GOV.BCB.PIX0121pix@tgrbebidas.com.br5204000053039865406215.045802BR5916TGR BEBIDAS LTDA6005IRECE62130509NF13758546304CC47
0202-0100;1375855;510,24;00020126430014BR.GOV.BCB.PIX0121pix@tgrbebidas.com.br5204000053039865406510.245802BR5916TGR BEBIDAS LTDA6005IRECE62130509NF137585563045D9F
0202-0264;1375857;589,98;00020126430014BR.GOV.BCB.PIX0121pix@tgrbebidas.com.br5204000053039865406589.985802BR5916TGR BEBIDAS LTDA6005IRECE62130509NF137585763042F69
0202-0091;1375860;264,90;00020126430014BR.GOV.BCB.PIX0121pix@tgrbebidas.com.br5204000053039865406264.905802BR5916TGR BEBIDAS LTDA6005IRECE62130509NF137586063049E6B
0202-0206;1375861;596,24;00020126430014BR.GOV.BCB.PIX0121pix@tgrbebidas.com.br5204000053039865406596.245802BR5916TGR BEBIDAS LTDA6005IRECE62130509NF137586163045C7A
0202-0182;1375864;43,80;00020126430014BR.GOV.BCB.PIX0121pix@tgrbebidas.com.br520400005303986540543.805802BR5916TGR BEBIDAS LTDA6005IRECE62130509NF137586463048AE2
0202-0201;1375866;470,85;00020126430014BR.GOV.BCB.PIX0121pix@tgrbebidas.com.br5204000053039865406470.855802BR5916TGR BEBIDAS LTDA6005IRECE62130509NF1375866630498AC
0202-0213;1375867;983,94;00020126430014BR.GOV.BCB.PIX0121pix@tgrbebidas.com.br5204000053039865406983.945802BR5916TGR BEBIDAS LTDA6005IRECE62130509NF13758676304FC43
0228-0386;1375670;158,28;00020126430014BR.GOV.BCB.PIX0121pix@tgrbebidas.com.br5204000053039865406158.285802BR5916TGR BEBIDAS LTDA6005IRECE62130509NF137567063042417
0228-0753;1375674;241,20;00020126430014BR.GOV.BCB.PIX0121pix@tgrbebidas.com.br5204000053039865406241.205802BR5916TGR BEBIDAS LTDA6005IRECE62130509NF13756746304F6FB
0228-0698;1375678;212,04;00020126430014BR.GOV.BCB.PIX0121pix@tgrbebidas.com.br5204000053039865406212.045802BR5916TGR BEBIDAS LTDA6005IRECE62130509NF13756786304EE2A
0228-0105;1375686;184,98;00020126430014BR.GOV.BCB.PIX0121pix@tgrbebidas.com.br5204000053039865406184.985802BR5916TGR BEBIDAS LTDA6005IRECE62130509NF13756866304FA4E
0228-0561;1375690;188,04;00020126430014BR.GOV.BCB.PIX0121pix@tgrbebidas.com.br5204000053039865406188.045802BR5916TGR BEBIDAS LTDA6005IRECE62130509NF13756906304B8D0
0228-0204;1375692;430,08;00020126430014BR.GOV.BCB.PIX0121pix@tgrbebidas.com.br5204000053039865406430.085802BR5916TGR BEBIDAS LTDA6005IRECE62130509NF13756926304156B
0228-0131;1375693;409,46;00020126430014BR.GOV.BCB.PIX0121pix@tgrbebidas.com.br5204000053039865406409.465802BR5916TGR BEBIDAS LTDA6005IRECE62130509NF13756936304D6F3
0228-0764;1375694;701,46;00020126430014BR.GOV.BCB.PIX0121pix@tgrbebidas.com.br5204000053039865406701.465802BR5916TGR BEBIDAS LTDA6005IRECE62130509NF13756946304B79E
0228-0779;1375696;237,12;00020126430014BR.GOV.BCB.PIX0121pix@tgrbebidas.com.br5204000053039865406237.125802BR5916TGR BEBIDAS LTDA6005IRECE62130509NF13756966304831B
0228-0764;1375697;163,38;00020126430014BR.GOV.BCB.PIX0121pix@tgrbebidas.com.br5204000053039865406163.385802BR5916TGR BEBIDAS LTDA6005IRECE62130509NF13756976304E9CB
0228-0709;1375699;315,27;00020126430014BR.GOV.BCB.PIX0121pix@tgrbebidas.com.br5204000053039865406315.275802BR5916TGR BEBIDAS LTDA6005IRECE62130509NF137569963042109
0228-0083;1375700;630,81;00020126430014BR.GOV.BCB.PIX0121pix@tgrbebidas.com.br5204000053039865406630.815802BR5916TGR BEBIDAS LTDA6005IRECE62130509NF137570063048CAE
0228-0432;1375703;263,28;00020126430014BR.GOV.BCB.PIX0121pix@tgrbebidas.com.br5204000053039865406263.285802BR5916TGR BEBIDAS LTDA6005IRECE62130509NF137570363048B7C
0228-0415;1375704;103,52;00020126430014BR.GOV.BCB.PIX0121pix@tgrbebidas.com.br5204000053039865406103.525802BR5916TGR BEBIDAS LTDA6005IRECE62130509NF13757046304E1CB
0228-0128;1375705;226,92;00020126430014BR.GOV.BCB.PIX0121pix@tgrbebidas.com.br5204000053039865406226.925802BR5916TGR BEBIDAS LTDA6005IRECE62130509NF137570563048581
0228-0356;1375711;147,06;00020126430014BR.GOV.BCB.PIX0121pix@tgrbebidas.com.br5204000053039865406147.065802BR5916TGR BEBIDAS LTDA6005IRECE62130509NF137571163048939
0228-0356;1375714;168,42;00020126430014BR.GOV.BCB.PIX0121pix@tgrbebidas.com.br5204000053039865406168.425802BR5916TGR BEBIDAS LTDA6005IRECE62130509NF13757146304A191
0228-0679;1375716;96,96;00020126430014BR.GOV.BCB.PIX0121pix@tgrbebidas.com.br520400005303986540596.965802BR5916TGR BEBIDAS LTDA6005IRECE62130509NF13757166304DF00
