"CODIGO DO CLIENTE";"VD";"SV";"NUMERO DO PEDIDO";"PESO";"ROTA";"MOTORISTA";"CIDADE";"LATITUDE";"LONGITUDE";"LINK GPS";"STATUS DO PEDIDO"
"0228-0774";"214";"200";"0346";"47.18";"PJJ-8309";"JOSE MARCOS (NOVATO)";"XIQUE-XIQUE";"-10,819840";"-42,731429";"https://www.google.com/maps?q=-10.819840, -42.731429";"Roteirizado"
"0228-0674";"214";"200";"0347";"54.37";"PJJ-8309";"JOSE MARCOS (NOVATO)";"XIQUE-XIQUE";"-10,820081";"-42,732006";"https://www.google.com/maps?q=-10.820081, -42.732006";"Roteirizado"
"0228-0015";"214";"200";"0348";"42.43";"PJJ-8309";"JOSE MARCOS (NOVATO)";"XIQUE-XIQUE";"-10,819670";"-42,731815";"https://www.google.com/maps?q=-10.819670, -42.731815";"Roteirizado"
"0228-0788";"214";"200";"0349";"364.73";"PJJ-8309";"JOSE MARCOS (NOVATO)";"XIQUE-XIQUE";"-10,822279";"-42,731580";"https://www.google.com/maps?q=-10.822279, -42.731580";"Roteirizado"
"0228-0750";"214";"200";"0350";"28.8";"PJJ-8309";"JOSE MARCOS (NOVATO)";"XIQUE-XIQUE";"-10,822478";"-42,732647";"https://www.google.com/maps?q=-10.822478, -42.732647";"Roteirizado"
"0228-0207";"214";"200";"0351";"101.56";"PJJ-8309";"JOSE MARCOS (NOVATO)";"XIQUE-XIQUE";"-10,823023";"-42,731216";"https://www.google.com/maps?q=-10.823023, -42.731216";"Roteirizado"
"0228-0759";"214";"200";"0352";"69.13";"PJJ-8309";"JOSE MARCOS (NOVATO)";"XIQUE-XIQUE";"-10,820684";"-42,725956";"https://www.google.com/maps?q=-10.820684, -42.725956";"Roteirizado"
"0228-0722";"214";"200";"0353";"28.28";"PJJ-8309";"JOSE MARCOS (NOVATO)";"XIQUE-XIQUE";"-10,829289";"-42,715252";"https://www.google.com/maps?q=-10.829289, -42.715252";"Roteirizado"
"0228-0751";"214";"200";"0354";"19.42";"PJJ-8309";"JOSE MARCOS (NOVATO)";"XIQUE-XIQUE";"-10,819865";"-42,716614";"https://www.google.com/maps?q=-10.819865, -42.716614";"Roteirizado"
"0228-0626";"214";"200";"0355";"46.52";"PJJ-8309";"JOSE MARCOS (NOVATO)";"XIQUE-XIQUE";"-10,830124";"-42,724846";"https://www.google.com/maps?q=-10.830124, -42.724846";"Roteirizado"
"0228-0013";"214";"200";"0356";"60.04";"PJJ-8309";"JOSE MARCOS (NOVATO)";"XIQUE-XIQUE";"-10,824854";"-42,729565";"https://www.google.com/maps?q=-10.824854, -42.729565";"Roteirizado"
"0228-0720";"214";"200";"0357";"36.85";"PJJ-8309";"JOSE MARCOS (NOVATO)";"XIQUE-XIQUE";"-10,823698";"-42,732640";"https://www.google.com/maps?q=-10.823698, -42.732640";"Roteirizado"
"0228-0702";"214";"200";"0358";"49.2";"PJJ-8309";"JOSE MARCOS (NOVATO)";"XIQUE-XIQUE";"-10,819833";"-42,725513";"https://www.google.com/maps?q=-10.819833, -42.725513";"Roteirizado"
"0228-0701";"214";"200";"0359";"94.38";"PJJ-8309";"JOSE MARCOS (NOVATO)";"XIQUE-XIQUE";"-10,819087";"-42,715090";"https://www.google.com/maps?q=-10.819087, -42.715090";"Roteirizado"
"0228-0526";"214";"200";"0360";"136.31";"PJJ-8309";"JOSE MARCOS (NOVATO)";"XIQUE-XIQUE";"-10,822802";"-42,729977";"https://www.google.com/maps?q=-10.822802, -42.729977";"Roteirizado"
"0228-0742";"214";"200";"0361";"46.2";"PJJ-8309";"JOSE MARCOS (NOVATO)";"XIQUE-XIQUE";"-10,828649";"-42,722622";"https://www.google.com/maps?q=-10.828649, -42.722622";"Roteirizado"
"0228-0780";"214";"200";"0362";"63.28";"PJJ-8309";"JOSE MARCOS (NOVATO)";"XIQUE-XIQUE";"-10,825353";"-42,716214";"https://www.google.com/maps?q=-10.825353, -42.716214";"Roteirizado"
"0228-0796";"214";"200";"0363";"40.7";"PJJ-8309";"JOSE MARCOS (NOVATO)";"XIQUE-XIQUE";"-10,820147";"-42,714585";"https://www.google.com/maps?q=-10.820147, -42.714585";"Roteirizado"
"0228-0799";"214";"200";"0364";"83.22";"PJJ-8309";"JOSE MARCOS (NOVATO)";"XIQUE-XIQUE";"-10,821361";"-42,731240";"https://www.google.com/maps?q=-10.821361, -42.731240";"Roteirizado"
"0228-0800";"214";"200";"0365";"50.74";"PJJ-8309";"JOSE MARCOS (NOVATO)";"XIQUE-XIQUE";"-10,818133";"-42,731243";"https://www.google.com/maps?q=-10.818133, -42.731243";"Roteirizado"
"0228-0734";"214";"200";"0366";"31.15";"PJJ-8309";"JOSE MARCOS (NOVATO)";"XIQUE-XIQUE";"-10,818736";"-42,731358";"https://www.google.com/maps?q=-10.818736, -42.731358";"Roteirizado"
"0228-0797";"214";"200";"0367";"63.09";"PJJ-8309";"JOSE MARCOS (NOVATO)";"XIQUE-XIQUE";"-10,820187";"-42,726728";"https://www.google.com/maps?q=-10.820187, -42.726728";"Roteirizado"
"0228-0607";"214";"200";"0368";"36.24";"PJJ-8309";"JOSE MARCOS (NOVATO)";"XIQUE-XIQUE";"-10,821700";"-42,732494";"https://www.google.com/maps?q=-10.821700, -42.732494";"Roteirizado"
"0228-0607";"214";"200";"0369";"75.04";"PJJ-8309";"JOSE MARCOS (NOVATO)";"XIQUE-XIQUE";"-10,821700";"-42,732494";"https://www.google.com/maps?q=-10.821700, -42.732494";"Roteirizado"
"0228-0663";"214";"200";"0370";"36.9";"PJJ-8309";"JOSE MARCOS (NOVATO)";"XIQUE-XIQUE";"-10,822887";"-42,730717";"https://www.google.com/maps?q=-10.822887, -42.730717";"Roteirizado"
"0228-0803";"214";"200";"0371";"151.71";"PJJ-8309";"JOSE MARCOS (NOVATO)";"";"-11,828614";"-42,724383";"https://www.google.com/maps?q=-11.828614, -42.724383";"Roteirizado"
"0228-0461";"214";"200";"0372";"40.06";"PJJ-8309";"JOSE MARCOS (NOVATO)";"XIQUE-XIQUE";"-10,826015";"-42,731117";"https://www.google.com/maps?q=-10.826015, -42.731117";"Roteirizado"
"0228-0777";"214";"200";"0373";"69.89";"PJJ-8309";"JOSE MARCOS (NOVATO)";"XIQUE-XIQUE";"-10,822842";"-42,731148";"https://www.google.com/maps?q=-10.822842, -42.731148";"Roteirizado"
"0228-0596";"214";"200";"0374";"19.78";"PJJ-8309";"JOSE MARCOS (NOVATO)";"XIQUE-XIQUE";"-10,839130";"-42,726486";"https://www.google.com/maps?q=-10.839130, -42.726486";"Roteirizado"
"0228-0775";"214";"200";"0375";"25.5";"PJJ-8309";"JOSE MARCOS (NOVATO)";"XIQUE-XIQUE";"-10,828901";"-42,718277";"https://www.google.com/maps?q=-10.828901, -42.718277";"Roteirizado"
"0228-0763";"214";"200";"0376";"68.61";"PJJ-8309";"JOSE MARCOS (NOVATO)";"XIQUE-XIQUE";"-10,828698";"-42,714920";"https://www.google.com/maps?q=-10.828698, -42.714920";"Roteirizado"
"0228-0723";"214";"200";"0377";"20.06";"PJJ-8309";"JOSE MARCOS (NOVATO)";"XIQUE-XIQUE";"-10,828415";"-42,714847";"https://www.google.com/maps?q=-10.828415, -42.714847";"Roteirizado"
"0228-0762";"214";"200";"0378";"74.03";"PJJ-8309";"JOSE MARCOS (NOVATO)";"XIQUE-XIQUE";"-10,818908";"-42,713920";"https://www.google.com/maps?q=-10.818908, -42.713920";"Roteirizado"
"0228-0606";"214";"200";"0379";"149.98";"PJJ-8309";"JOSE MARCOS (NOVATO)";"XIQUE-XIQUE";"-10,836308";"-42,726685";"https://www.google.com/maps?q=-10.836308, -42.726685";"Roteirizado"
"0228-0755";"214";"200";"0380";"142.73";"PJJ-8309";"JOSE MARCOS (NOVATO)";"XIQUE-XIQUE";"-10,824881";"-42,726643";"https://www.google.com/maps?q=-10.824881, -42.726643";"Roteirizado"
"0228-0616";"214";"200";"0381";"70.99";"PJJ-8309";"JOSE MARCOS (NOVATO)";"XIQUE-XIQUE";"-10,837268";"-42,726580";"https://www.google.com/maps?q=-10.837268, -42.726580";"Roteirizado"
"0228-0720";"214";"200";"0382";"108.95";"PJJ-8309";"JOSE MARCOS (NOVATO)";"XIQUE-XIQUE";"-10,823698";"-42,732640";"https://www.google.com/maps?q=-10.823698, -42.732640";"Roteirizado"
"0228-0783";"214";"200";"0383";"57.92";"PJJ-8309";"JOSE MARCOS (NOVATO)";"XIQUE-XIQUE";"-10,822903";"-42,725678";"https://www.google.com/maps?q=-10.822903, -42.725678";"Roteirizado"
"0228-0765";"214";"200";"0384";"26.4";"PJJ-8309";"JOSE MARCOS (NOVATO)";"XIQUE-XIQUE";"-10,828018";"-42,724792";"https://www.google.com/maps?q=-10.828018, -42.724792";"Roteirizado"
"0228-0667";"208";"200";"0435";"32.3";"PJJ-8309";"JOSE MARCOS (NOVATO)";"XIQUE-XIQUE";"-10,820343";"-42,725945";"https://www.google.com/maps?q=-10.820343, -42.725945";"Roteirizado"
"0228-0703";"208";"200";"0436";"15.36";"PJJ-8309";"JOSE MARCOS (NOVATO)";"XIQUE-XIQUE";"-10,821474";"-42,729614";"https://www.google.com/maps?q=-10.821474, -42.729614";"Roteirizado"
"0228-0213";"208";"200";"0437";"38.42";"PJJ-8309";"JOSE MARCOS (NOVATO)";"XIQUE-XIQUE";"-10,833157";"-42,729572";"https://www.google.com/maps?q=-10.833157, -42.729572";"Roteirizado"
"0228-0790";"208";"200";"0438";"52.87";"PJJ-8309";"JOSE MARCOS (NOVATO)";"XIQUE-XIQUE";"-10,830169";"-42,731223";"https://www.google.com/maps?q=-10.830169, -42.731223";"Roteirizado"
"0228-0792";"208";"200";"0439";"75.02";"PJJ-8309";"JOSE MARCOS (NOVATO)";"XIQUE-XIQUE";"-10,830891";"-42,731296";"https://www.google.com/maps?q=-10.830891, -42.731296";"Roteirizado"
"0228-0744";"208";"200";"0440";"26.83";"PJJ-8309";"JOSE MARCOS (NOVATO)";"XIQUE-XIQUE";"-10,829999";"-42,731310";"https://www.google.com/maps?q=-10.829999, -42.731310";"Roteirizado"
"0228-0019";"208";"200";"0441";"16.58";"PJJ-8309";"JOSE MARCOS (NOVATO)";"XIQUE-XIQUE";"-10,820989";"-42,731674";"https://www.google.com/maps?q=-10.820989, -42.731674";"Roteirizado"
"0228-0714";"208";"200";"0443";"31.92";"PJJ-8309";"JOSE MARCOS (NOVATO)";"XIQUE-XIQUE";"-10,827716";"-42,730766";"https://www.google.com/maps?q=-10.827716, -42.730766";"Roteirizado"
"0228-0426";"208";"200";"0444";"33.28";"PJJ-8309";"JOSE MARCOS (NOVATO)";"XIQUE-XIQUE";"-10,820995";"-42,732178";"https://www.google.com/maps?q=-10.820995, -42.732178";"Roteirizado"
"0228-0460";"208";"200";"0445";"33.18";"PJJ-8309";"JOSE MARCOS (NOVATO)";"XIQUE-XIQUE";"-10,820685";"-42,732000";"https://www.google.com/maps?q=-10.820685, -42.732000";"Roteirizado"
"0228-0427";"208";"200";"0446";"41.48";"PJJ-8309";"JOSE MARCOS (NOVATO)";"XIQUE-XIQUE";"-10,820646";"-42,731720";"https://www.google.com/maps?q=-10.820646, -42.731720";"Roteirizado"
"0228-0066";"208";"200";"0447";"12.6";"PJJ-8309";"JOSE MARCOS (NOVATO)";"XIQUE-XIQUE";"-10,826282";"-42,732685";"https://www.google.com/maps?q=-10.826282, -42.732685";"Roteirizado"
"0228-0769";"208";"200";"0448";"226.05";"PJJ-8309";"JOSE MARCOS (NOVATO)";"XIQUE-XIQUE";"-10,818821";"-42,730593";"https://www.google.com/maps?q=-10.818821, -42.730593";"Roteirizado"
"0228-0188";"208";"200";"0449";"16.34";"PJJ-8309";"JOSE MARCOS (NOVATO)";"XIQUE-XIQUE";"-10,820679";"-42,732292";"https://www.google.com/maps?q=-10.820679, -42.732292";"Roteirizado"
"0228-0210";"208";"200";"0450";"37.77";"PJJ-8309";"JOSE MARCOS (NOVATO)";"XIQUE-XIQUE";"-10,824753";"-42,729404";"https://www.google.com/maps?q=-10.824753, -42.729404";"Roteirizado"
"0228-0732";"208";"200";"0451";"23.78";"PJJ-8309";"JOSE MARCOS (NOVATO)";"XIQUE-XIQUE";"-10,820394";"-42,727720";"https://www.google.com/maps?q=-10.820394, -42.727720";"Roteirizado"
"0228-0802";"208";"200";"0452";"15.75";"PJJ-8309";"JOSE MARCOS (NOVATO)";"XIQUE-XIQUE";"-10,826842";"-42,732103";"https://www.google.com/maps?q=-10.826842, -42.732103";"Roteirizado"
"0228-0676";"208";"200";"0453";"195.74";"PJJ-8309";"JOSE MARCOS (NOVATO)";"XIQUE-XIQUE";"-10,828188";"-42,725110";"https://www.google.com/maps?q=-10.828188, -42.725110";"Roteirizado"
"0228-0376";"208";"200";"0454";"80.02";"PJJ-8309";"JOSE MARCOS (NOVATO)";"XIQUE-XIQUE";"-10,824445";"-42,729443";"https://www.google.com/maps?q=-10.824445, -42.729443";"Roteirizado"
"0228-0661";"208";"200";"0455";"30.82";"PJJ-8309";"JOSE MARCOS (NOVATO)";"XIQUE-XIQUE";"-10,817918";"-42,715250";"https://www.google.com/maps?q=-10.817918, -42.715250";"Roteirizado"
"0228-0411";"208";"200";"0456";"75.2";"PJJ-8309";"JOSE MARCOS (NOVATO)";"XIQUE-XIQUE";"-10,815738";"-42,718580";"https://www.google.com/maps?q=-10.815738, -42.718580";"Roteirizado"
"0228-0104";"208";"200";"0457";"38.03";"PJJ-8309";"JOSE MARCOS (NOVATO)";"XIQUE-XIQUE";"-10,819903";"-42,724350";"https://www.google.com/maps?q=-10.819903, -42.724350";"Roteirizado"
"0228-0583";"208";"200";"0458";"168.72";"PJJ-8309";"JOSE MARCOS (NOVATO)";"XIQUE-XIQUE";"-10,816802";"-42,723045";"https://www.google.com/maps?q=-10.816802, -42.723045";"Roteirizado"
"0228-0204";"208";"200";"0459";"65.09";"PJJ-8309";"JOSE MARCOS (NOVATO)";"XIQUE-XIQUE";"-10,816326";"-42,720192";"https://www.google.com/maps?q=-10.816326, -42.720192";"Roteirizado"
"0206-0171";"208";"200";"0460";"23.46";"PJJ-8309";"JOSE MARCOS (NOVATO)";"XIQUE-XIQUE";"-10,822784";"-42,732444";"https://www.google.com/maps?q=-10.822784, -42.732444";"Roteirizado"
"0228-0320";"208";"200";"0461";"30.6";"PJJ-8309";"JOSE MARCOS (NOVATO)";"XIQUE-XIQUE";"-10,818448";"-42,715626";"https://www.google.com/maps?q=-10.818448, -42.715626";"Roteirizado"
"0228-0592";"208";"200";"0462";"17.88";"PJJ-8309";"JOSE MARCOS (NOVATO)";"XIQUE-XIQUE";"-10,819886";"-42,731327";"https://www.google.com/maps?q=-10.819886, -42.731327";"Roteirizado"
"0228-0103";"208";"200";"0463";"21.46";"PJJ-8309";"JOSE MARCOS (NOVATO)";"XIQUE-XIQUE";"-10,816736";"-42,723534";"https://www.google.com/maps?q=-10.816736, -42.723534";"Roteirizado"
"0228-0048";"208";"200";"0464";"36.15";"PJJ-8309";"JOSE MARCOS (NOVATO)";"XIQUE-XIQUE";"-10,816965";"-42,725395";"https://www.google.com/maps?q=-10.816965, -42.725395";"Roteirizado"
"0228-0158";"208";"200";"0465";"61.35";"PJJ-8309";"JOSE MARCOS (NOVATO)";"XIQUE-XIQUE";"-10,815066";"-42,725544";"https://www.google.com/maps?q=-10.815066, -42.725544";"Roteirizado"
"0228-0362";"208";"200";"0466";"21.62";"PJJ-8309";"JOSE MARCOS (NOVATO)";"XIQUE-XIQUE";"-10,815882";"-42,724274";"https://www.google.com/maps?q=-10.815882, -42.724274";"Roteirizado"
"0228-0631";"208";"200";"0467";"27.14";"PJJ-8309";"JOSE MARCOS (NOVATO)";"XIQUE-XIQUE";"-10,816209";"-42,723970";"https://www.google.com/maps?q=-10.816209, -42.723970";"Roteirizado"
"0228-0726";"208";"200";"0468";"12.78";"PJJ-8309";"JOSE MARCOS (NOVATO)";"XIQUE-XIQUE";"-10,816446";"-42,723965";"https://www.google.com/maps?q=-10.816446, -42.723965";"Roteirizado"
"0228-0192";"208";"200";"0469";"42.66";"PJJ-8309";"JOSE MARCOS (NOVATO)";"XIQUE-XIQUE";"-10,816595";"-42,722900";"https://www.google.com/maps?q=-10.816595, -42.722900";"Roteirizado"
"0228-0364";"208";"200";"0470";"11.54";"PJJ-8309";"JOSE MARCOS (NOVATO)";"XIQUE-XIQUE";"-10,816951";"-42,722804";"https://www.google.com/maps?q=-10.816951, -42.722804";"Roteirizado"
"0228-0664";"208";"200";"0471";"524.66";"PJJ-8309";"JOSE MARCOS (NOVATO)";"XIQUE-XIQUE";"-10,822890";"-42,732120";"https://www.google.com/maps?q=-10.822890, -42.732120";"Roteirizado"
"0228-0739";"208";"200";"0473";"218.84";"PJJ-8309";"JOSE MARCOS (NOVATO)";"XIQUE-XIQUE";"-10,817252";"-42,717965";"https://www.google.com/maps?q=-10.817252, -42.717965";"Roteirizado"
"0216-0526";"201";"300";"0417";"20.3";"QYU-6G23";"KEVEN DOS REIS CRUZ";"MORRO DO CHAPEU";"-11,557116";"-41,159153";"https://www.google.com/maps?q=-11.557116, -41.159153";"Roteirizado"
"0225-0073";"213";"300";"0474";"230.54";"QYU-6G23";"KEVEN DOS REIS CRUZ";"UTINGA";"-12,087602";"-41,104670";"https://www.google.com/maps?q=-12.087602, -41.104670";"Roteirizado"
"0225-0055";"213";"300";"0475";"43.19";"QYU-6G23";"KEVEN DOS REIS CRUZ";"UTINGA";"-12,094405";"-41,107703";"https://www.google.com/maps?q=-12.094405, -41.107703";"Roteirizado"
"0225-0272";"213";"300";"0476";"466.53";"QYU-6G23";"KEVEN DOS REIS CRUZ";"UTINGA";"-12,074525";"-41,089491";"https://www.google.com/maps?q=-12.074525, -41.089491";"Roteirizado"
"0225-0254";"213";"300";"0477";"92.26";"QYU-6G23";"KEVEN DOS REIS CRUZ";"UTINGA";"-12,077302";"-41,093456";"https://www.google.com/maps?q=-12.077302, -41.093456";"Roteirizado"
"0225-0060";"213";"300";"0478";"74.44";"QYU-6G23";"KEVEN DOS REIS CRUZ";"UTINGA";"-12,077530";"-41,092650";"https://www.google.com/maps?q=-12.077530, -41.092650";"Roteirizado"
"0225-0194";"213";"300";"0479";"22.56";"QYU-6G23";"KEVEN DOS REIS CRUZ";"UTINGA";"-12,077279";"-41,090088";"https://www.google.com/maps?q=-12.077279, -41.090088";"Roteirizado"
"0225-0146";"213";"300";"0480";"59.89";"QYU-6G23";"KEVEN DOS REIS CRUZ";"UTINGA";"-12,079795";"-41,095950";"https://www.google.com/maps?q=-12.079795, -41.095950";"Roteirizado"
"0225-0025";"213";"300";"0481";"71.72";"QYU-6G23";"KEVEN DOS REIS CRUZ";"UTINGA";"-12,074658";"-41,092735";"https://www.google.com/maps?q=-12.074658, -41.092735";"Roteirizado"
"0225-0256";"213";"300";"0482";"91.12";"QYU-6G23";"KEVEN DOS REIS CRUZ";"UTINGA";"-12,083462";"-41,095387";"https://www.google.com/maps?q=-12.083462, -41.095387";"Roteirizado"
"0225-0036";"213";"300";"0484";"61.07";"QYU-6G23";"KEVEN DOS REIS CRUZ";"UTINGA";"-12,080987";"-41,098360";"https://www.google.com/maps?q=-12.080987, -41.098360";"Roteirizado"
"0225-0149";"213";"300";"0485";"82.67";"QYU-6G23";"KEVEN DOS REIS CRUZ";"UTINGA";"-12,077255";"-41,091476";"https://www.google.com/maps?q=-12.077255, -41.091476";"Roteirizado"
"0225-0115";"213";"300";"0486";"32.34";"QYU-6G23";"KEVEN DOS REIS CRUZ";"UTINGA";"-12,078198";"-41,094574";"https://www.google.com/maps?q=-12.078198, -41.094574";"Roteirizado"
"0225-0119";"213";"300";"0487";"52.32";"QYU-6G23";"KEVEN DOS REIS CRUZ";"UTINGA";"-12,086380";"-41,102200";"https://www.google.com/maps?q=-12.086380, -41.102200";"Roteirizado"
"0225-0028";"213";"300";"0488";"26.26";"QYU-6G23";"KEVEN DOS REIS CRUZ";"UTINGA";"-12,075300";"-41,091457";"https://www.google.com/maps?q=-12.075300, -41.091457";"Roteirizado"
"0225-0252";"213";"300";"0489";"127.56";"QYU-6G23";"KEVEN DOS REIS CRUZ";"UTINGA";"-12,083027";"-41,095516";"https://www.google.com/maps?q=-12.083027, -41.095516";"Roteirizado"
"0225-0270";"213";"300";"0490";"69.94";"QYU-6G23";"KEVEN DOS REIS CRUZ";"UTINGA";"-12,082969";"-41,095148";"https://www.google.com/maps?q=-12.082969, -41.095148";"Roteirizado"
"0225-0227";"213";"300";"0491";"19.08";"QYU-6G23";"KEVEN DOS REIS CRUZ";"UTINGA";"-12,083211";"-41,097122";"https://www.google.com/maps?q=-12.083211, -41.097122";"Roteirizado"
"0225-0134";"213";"300";"0492";"80.63";"QYU-6G23";"KEVEN DOS REIS CRUZ";"UTINGA";"-12,077059";"-41,091095";"https://www.google.com/maps?q=-12.077059, -41.091095";"Roteirizado"
"0225-0003";"213";"300";"0493";"47.9";"QYU-6G23";"KEVEN DOS REIS CRUZ";"UTINGA";"-12,088056";"-41,103890";"https://www.google.com/maps?q=-12.088056, -41.103890";"Roteirizado"
"0225-0224";"213";"300";"0494";"33.6";"QYU-6G23";"KEVEN DOS REIS CRUZ";"UTINGA";"-12,080294";"-41,099384";"https://www.google.com/maps?q=-12.080294, -41.099384";"Roteirizado"
"0225-0152";"213";"300";"0495";"15.17";"QYU-6G23";"KEVEN DOS REIS CRUZ";"UTINGA";"-12,082455";"-41,099236";"https://www.google.com/maps?q=-12.082455, -41.099236";"Roteirizado"
"0225-0243";"213";"300";"0497";"232.3";"QYU-6G23";"KEVEN DOS REIS CRUZ";"UTINGA";"-12,074237";"-41,091652";"https://www.google.com/maps?q=-12.074237, -41.091652";"Roteirizado"
"0225-0014";"213";"300";"0498";"59.7";"QYU-6G23";"KEVEN DOS REIS CRUZ";"UTINGA";"-12,082820";"-41,094560";"https://www.google.com/maps?q=-12.082820, -41.094560";"Roteirizado"
"0225-0032";"213";"300";"0501";"373.18";"QYU-6G23";"KEVEN DOS REIS CRUZ";"UTINGA";"-12,083382";"-41,097454";"https://www.google.com/maps?q=-12.083382, -41.097454";"Roteirizado"
"0225-0219";"213";"300";"0502";"30.76";"QYU-6G23";"KEVEN DOS REIS CRUZ";"UTINGA";"-12,082016";"-41,098255";"https://www.google.com/maps?q=-12.082016, -41.098255";"Roteirizado"
"0225-0255";"213";"300";"0503";"74.86";"QYU-6G23";"KEVEN DOS REIS CRUZ";"UTINGA";"-12,074980";"-41,089024";"https://www.google.com/maps?q=-12.074980, -41.089024";"Roteirizado"
"0225-0196";"213";"300";"0504";"144.54";"QYU-6G23";"KEVEN DOS REIS CRUZ";"UTINGA";"-12,080680";"-41,096510";"https://www.google.com/maps?q=-12.080680, -41.096510";"Roteirizado"
"0225-0006";"213";"300";"0505";"476.1";"QYU-6G23";"KEVEN DOS REIS CRUZ";"UTINGA";"-12,082844";"-41,096020";"https://www.google.com/maps?q=-12.082844, -41.096020";"Roteirizado"
"0225-0136";"213";"300";"0506";"42.86";"QYU-6G23";"KEVEN DOS REIS CRUZ";"UTINGA";"-12,080875";"-41,097157";"https://www.google.com/maps?q=-12.080875, -41.097157";"Roteirizado"
"0225-0067";"213";"300";"0507";"50.15";"QYU-6G23";"KEVEN DOS REIS CRUZ";"UTINGA";"-12,083265";"-41,097054";"https://www.google.com/maps?q=-12.083265, -41.097054";"Roteirizado"
"0225-0268";"213";"300";"0508";"384.44";"QYU-6G23";"KEVEN DOS REIS CRUZ";"UTINGA";"-12,081741";"-41,096621";"https://www.google.com/maps?q=-12.081741, -41.096621";"Roteirizado"
"0225-0023";"213";"300";"0509";"339.75";"QYU-6G23";"KEVEN DOS REIS CRUZ";"UTINGA";"-12,084646";"-41,099297";"https://www.google.com/maps?q=-12.084646, -41.099297";"Roteirizado"
"0225-0166";"213";"300";"0510";"40.1";"QYU-6G23";"KEVEN DOS REIS CRUZ";"UTINGA";"-12,080730";"-41,099674";"https://www.google.com/maps?q=-12.080730, -41.099674";"Roteirizado"
"0225-0135";"213";"300";"0511";"79";"QYU-6G23";"KEVEN DOS REIS CRUZ";"UTINGA";"-12,081325";"-41,097855";"https://www.google.com/maps?q=-12.081325, -41.097855";"Roteirizado"
"0225-0151";"213";"300";"0512";"408.94";"QYU-6G23";"KEVEN DOS REIS CRUZ";"UTINGA";"-12,077456";"-41,093117";"https://www.google.com/maps?q=-12.077456, -41.093117";"Roteirizado"
"0225-0239";"213";"300";"0513";"155.52";"QYU-6G23";"KEVEN DOS REIS CRUZ";"UTINGA";"-12,083236";"-41,094350";"https://www.google.com/maps?q=-12.083236, -41.094350";"Roteirizado"
"0225-0198";"213";"300";"0514";"70";"QYU-6G23";"KEVEN DOS REIS CRUZ";"UTINGA";"-12,077547";"-41,092472";"https://www.google.com/maps?q=-12.077547, -41.092472";"Roteirizado"
"0225-0250";"213";"300";"0515";"214.09";"QYU-6G23";"KEVEN DOS REIS CRUZ";"UTINGA";"-12,082273";"-41,098194";"https://www.google.com/maps?q=-12.082273, -41.098194";"Roteirizado"
"0201-0106";"213";"300";"0516";"828.82";"QYU-6G23";"KEVEN DOS REIS CRUZ";"UTINGA";"-12,083615";"-41,095670";"https://www.google.com/maps?q=-12.083615, -41.095670";"Roteirizado"
"0225-0096";"213";"300";"0517";"112.4";"QYU-6G23";"KEVEN DOS REIS CRUZ";"UTINGA";"-12,082652";"-41,097260";"https://www.google.com/maps?q=-12.082652, -41.097260";"Roteirizado"
"0225-0103";"213";"300";"0518";"103.55";"QYU-6G23";"KEVEN DOS REIS CRUZ";"UTINGA";"-12,081678";"-41,096565";"https://www.google.com/maps?q=-12.081678, -41.096565";"Roteirizado"
"0225-0269";"213";"300";"0519";"154.69";"QYU-6G23";"KEVEN DOS REIS CRUZ";"UTINGA";"-12,082044";"-41,096349";"https://www.google.com/maps?q=-12.082044, -41.096349";"Roteirizado"
"0225-0028";"213";"300";"0520";"42.16";"QYU-6G23";"KEVEN DOS REIS CRUZ";"UTINGA";"-12,075300";"-41,091457";"https://www.google.com/maps?q=-12.075300, -41.091457";"Roteirizado"
"0227-0022";"213";"300";"0521";"60.52";"QYU-6G23";"KEVEN DOS REIS CRUZ";"UTINGA";"-12,073786";"-41,088543";"https://www.google.com/maps?q=-12.073786, -41.088543";"Roteirizado"
"0225-0264";"213";"300";"0553";"57.49";"QYU-6G23";"KEVEN DOS REIS CRUZ";"UTINGA";"-12,073693";"-41,094201";"https://www.google.com/maps?q=-12.073693, -41.094201";"Roteirizado"
"0222-0079";"205";"300";"0211";"73.33";"SKC-5E88";"IRAN MARCOS DE LIMA GUERRA";"TAPIRAMUTA";"-11,850433";"-40,789467";"https://www.google.com/maps?q=-11.850433, -40.789467";"Roteirizado"
"0222-0021";"205";"300";"0212";"43.2";"SKC-5E88";"IRAN MARCOS DE LIMA GUERRA";"TAPIRAMUTA";"-11,848080";"-40,790047";"https://www.google.com/maps?q=-11.848080, -40.790047";"Roteirizado"
"0222-0038";"205";"300";"0213";"76.26";"SKC-5E88";"IRAN MARCOS DE LIMA GUERRA";"TAPIRAMUTA";"-11,853333";"-40,788334";"https://www.google.com/maps?q=-11.853333, -40.788334";"Roteirizado"
"0222-0045";"205";"300";"0214";"53.4";"SKC-5E88";"IRAN MARCOS DE LIMA GUERRA";"TAPIRAMUTA";"-11,847332";"-40,790120";"https://www.google.com/maps?q=-11.847332, -40.790120";"Roteirizado"
"0222-0016";"205";"300";"0215";"76.17";"SKC-5E88";"IRAN MARCOS DE LIMA GUERRA";"TAPIRAMUTA";"-11,849263";"-40,791180";"https://www.google.com/maps?q=-11.849263, -40.791180";"Roteirizado"
"0222-0022";"205";"300";"0216";"60.8";"SKC-5E88";"IRAN MARCOS DE LIMA GUERRA";"TAPIRAMUTA";"-11,848098";"-40,790016";"https://www.google.com/maps?q=-11.848098, -40.790016";"Roteirizado"
"0222-0281";"205";"300";"0217";"150.41";"SKC-5E88";"IRAN MARCOS DE LIMA GUERRA";"TAPIRAMUTA";"-11,849026";"-40,791473";"https://www.google.com/maps?q=-11.849026, -40.791473";"Roteirizado"
"0222-0016";"205";"300";"0218";"138.02";"SKC-5E88";"IRAN MARCOS DE LIMA GUERRA";"TAPIRAMUTA";"-11,849263";"-40,791180";"https://www.google.com/maps?q=-11.849263, -40.791180";"Roteirizado"
"0222-0251";"205";"300";"0219";"102.02";"SKC-5E88";"IRAN MARCOS DE LIMA GUERRA";"TAPIRAMUTA";"-11,846388";"-40,791046";"https://www.google.com/maps?q=-11.846388, -40.791046";"Roteirizado"
"0222-0285";"205";"300";"0220";"228.21";"SKC-5E88";"IRAN MARCOS DE LIMA GUERRA";"TAPIRAMUTA";"-11,848947";"-40,791219";"https://www.google.com/maps?q=-11.848947, -40.791219";"Roteirizado"
"0222-0246";"205";"300";"0221";"116.53";"SKC-5E88";"IRAN MARCOS DE LIMA GUERRA";"TAPIRAMUTA";"-11,846901";"-40,794075";"https://www.google.com/maps?q=-11.846901, -40.794075";"Roteirizado"
"0222-0040";"205";"300";"0222";"25.42";"SKC-5E88";"IRAN MARCOS DE LIMA GUERRA";"TAPIRAMUTA";"-11,845924";"-40,798330";"https://www.google.com/maps?q=-11.845924, -40.798330";"Roteirizado"
"0222-0259";"205";"300";"0223";"36";"SKC-5E88";"IRAN MARCOS DE LIMA GUERRA";"TAPIRAMUTA";"-11,851867";"-40,788277";"https://www.google.com/maps?q=-11.851867, -40.788277";"Roteirizado"
"0222-0229";"205";"300";"0224";"56.01";"SKC-5E88";"IRAN MARCOS DE LIMA GUERRA";"TAPIRAMUTA";"-11,847222";"-40,797500";"https://www.google.com/maps?q=-11.847222, -40.797500";"Roteirizado"
"0222-0035";"205";"300";"0225";"25.62";"SKC-5E88";"IRAN MARCOS DE LIMA GUERRA";"TAPIRAMUTA";"-11,846111";"-40,797500";"https://www.google.com/maps?q=-11.846111, -40.797500";"Roteirizado"
"0222-0268";"205";"300";"0226";"77.03";"SKC-5E88";"IRAN MARCOS DE LIMA GUERRA";"TAPIRAMUTA";"-11,844951";"-40,797806";"https://www.google.com/maps?q=-11.844951, -40.797806";"Roteirizado"
"0222-0031";"205";"300";"0227";"22.18";"SKC-5E88";"IRAN MARCOS DE LIMA GUERRA";"TAPIRAMUTA";"-11,843220";"-40,798317";"https://www.google.com/maps?q=-11.843220, -40.798317";"Roteirizado"
"0222-0220";"205";"300";"0228";"533.01";"SKC-5E88";"IRAN MARCOS DE LIMA GUERRA";"TAPIRAMUTA";"-11,844722";"-40,793888";"https://www.google.com/maps?q=-11.844722, -40.793888";"Roteirizado"
"0222-0031";"205";"300";"0229";"24.7";"SKC-5E88";"IRAN MARCOS DE LIMA GUERRA";"TAPIRAMUTA";"-11,843220";"-40,798317";"https://www.google.com/maps?q=-11.843220, -40.798317";"Roteirizado"
"0222-0082";"205";"300";"0230";"35.24";"SKC-5E88";"IRAN MARCOS DE LIMA GUERRA";"TAPIRAMUTA";"-11,846111";"-40,795277";"https://www.google.com/maps?q=-11.846111, -40.795277";"Roteirizado"
"0222-0249";"205";"300";"0231";"316.27";"SKC-5E88";"IRAN MARCOS DE LIMA GUERRA";"TAPIRAMUTA";"-11,845180";"-40,793895";"https://www.google.com/maps?q=-11.845180, -40.793895";"Roteirizado"
"0222-0239";"205";"300";"0232";"220.55";"SKC-5E88";"IRAN MARCOS DE LIMA GUERRA";"TAPIRAMUTA";"-11,848759";"-40,791412";"https://www.google.com/maps?q=-11.848759, -40.791412";"Roteirizado"
"0222-0279";"205";"300";"0233";"57.7";"SKC-5E88";"IRAN MARCOS DE LIMA GUERRA";"TAPIRAMUTA";"-11,848200";"-40,791893";"https://www.google.com/maps?q=-11.848200, -40.791893";"Roteirizado"
"0226-0356";"205";"300";"0234";"10.61";"SKC-5E88";"IRAN MARCOS DE LIMA GUERRA";"VARZEA NOVA";"-11,845946";"-40,791490";"https://www.google.com/maps?q=-11.845946, -40.791490";"Roteirizado"
"0222-0033";"205";"300";"0235";"32.48";"SKC-5E88";"IRAN MARCOS DE LIMA GUERRA";"TAPIRAMUTA";"-11,851358";"-40,785910";"https://www.google.com/maps?q=-11.851358, -40.785910";"Roteirizado"
"0222-0185";"205";"300";"0236";"69.08";"SKC-5E88";"IRAN MARCOS DE LIMA GUERRA";"TAPIRAMUTA";"-11,846642";"-40,799970";"https://www.google.com/maps?q=-11.846642, -40.799970";"Roteirizado"
"0222-0286";"205";"300";"0237";"23.4";"SKC-5E88";"IRAN MARCOS DE LIMA GUERRA";"TAPIRAMUTA";"-11,848430";"-40,792647";"https://www.google.com/maps?q=-11.848430, -40.792647";"Roteirizado"
"0222-0288";"205";"300";"0238";"41.6";"SKC-5E88";"IRAN MARCOS DE LIMA GUERRA";"TAPIRAMUTA";"-11,848448";"-40,785872";"https://www.google.com/maps?q=-11.848448, -40.785872";"Roteirizado"
"0222-0254";"205";"300";"0239";"74.54";"SKC-5E88";"IRAN MARCOS DE LIMA GUERRA";"TAPIRAMUTA";"-11,849178";"-40,792520";"https://www.google.com/maps?q=-11.849178, -40.792520";"Roteirizado"
"0222-0128";"205";"300";"0240";"20.14";"SKC-5E88";"IRAN MARCOS DE LIMA GUERRA";"TAPIRAMUTA";"-11,893717";"-40,881100";"https://www.google.com/maps?q=-11.893717, -40.881100";"Roteirizado"
"0222-0276";"205";"300";"0241";"129.14";"SKC-5E88";"IRAN MARCOS DE LIMA GUERRA";"TAPIRAMUTA";"-11,896862";"-40,884556";"https://www.google.com/maps?q=-11.896862, -40.884556";"Roteirizado"
"0222-0134";"205";"300";"0242";"274.92";"SKC-5E88";"IRAN MARCOS DE LIMA GUERRA";"TAPIRAMUTA";"-11,892647";"-40,882040";"https://www.google.com/maps?q=-11.892647, -40.882040";"Roteirizado"
"0222-0039";"205";"300";"0243";"62.25";"SKC-5E88";"IRAN MARCOS DE LIMA GUERRA";"TAPIRAMUTA";"-11,844280";"-40,795467";"https://www.google.com/maps?q=-11.844280, -40.795467";"Roteirizado"
"0222-0263";"205";"300";"0244";"13.98";"SKC-5E88";"IRAN MARCOS DE LIMA GUERRA";"TAPIRAMUTA";"-11,850848";"-40,788180";"https://www.google.com/maps?q=-11.850848, -40.788180";"Roteirizado"
"0222-0139";"205";"300";"0245";"31.9";"SKC-5E88";"IRAN MARCOS DE LIMA GUERRA";"TAPIRAMUTA";"-11,849902";"-40,788532";"https://www.google.com/maps?q=-11.849902, -40.788532";"Roteirizado"
"0222-0247";"205";"300";"0246";"31.82";"SKC-5E88";"IRAN MARCOS DE LIMA GUERRA";"TAPIRAMUTA";"-11,842739";"-40,796806";"https://www.google.com/maps?q=-11.842739, -40.796806";"Roteirizado"
"0222-0273";"205";"300";"0247";"59.85";"SKC-5E88";"IRAN MARCOS DE LIMA GUERRA";"TAPIRAMUTA";"-11,848260";"-40,791496";"https://www.google.com/maps?q=-11.848260, -40.791496";"Roteirizado"
"0222-0258";"205";"300";"0248";"24.58";"SKC-5E88";"IRAN MARCOS DE LIMA GUERRA";"TAPIRAMUTA";"-11,846397";"-40,799377";"https://www.google.com/maps?q=-11.846397, -40.799377";"Roteirizado"
"0222-0283";"205";"300";"0249";"149.92";"SKC-5E88";"IRAN MARCOS DE LIMA GUERRA";"TAPIRAMUTA";"-11,755653";"-40,713267";"https://www.google.com/maps?q=-11.755653, -40.713267";"Roteirizado"
"0222-0274";"205";"300";"0250";"55.27";"SKC-5E88";"IRAN MARCOS DE LIMA GUERRA";"TAPIRAMUTA";"-11,846457";"-40,792460";"https://www.google.com/maps?q=-11.846457, -40.792460";"Roteirizado"
"0222-0003";"205";"300";"0251";"95.99";"SKC-5E88";"IRAN MARCOS DE LIMA GUERRA";"TAPIRAMUTA";"-11,755872";"-40,713570";"https://www.google.com/maps?q=-11.755872, -40.713570";"Roteirizado"
"0293-0002";"205";"300";"0252";"102.73";"SKC-5E88";"IRAN MARCOS DE LIMA GUERRA";"TAPIRAMUTA";"-11,757981";"-40,712480";"https://www.google.com/maps?q=-11.757981, -40.712480";"Roteirizado"
"0222-0172";"205";"300";"0253";"71.72";"SKC-5E88";"IRAN MARCOS DE LIMA GUERRA";"TAPIRAMUTA";"-11,756111";"-40,713610";"https://www.google.com/maps?q=-11.756111, -40.713610";"Roteirizado"
"0222-0161";"205";"300";"0254";"613.55";"SKC-5E88";"IRAN MARCOS DE LIMA GUERRA";"TAPIRAMUTA";"-11,758462";"-40,708138";"https://www.google.com/maps?q=-11.758462, -40.708138";"Roteirizado"
"0293-0003";"205";"300";"0256";"66.6";"SKC-5E88";"IRAN MARCOS DE LIMA GUERRA";"PIRITIBA";"-11,756388";"-40,712925";"https://www.google.com/maps?q=-11.756388, -40.712925";"Roteirizado"
"0293-0004";"205";"300";"0257";"80.38";"SKC-5E88";"IRAN MARCOS DE LIMA GUERRA";"TAPIRAMUTA";"-11,756662";"-40,710720";"https://www.google.com/maps?q=-11.756662, -40.710720";"Roteirizado"
"0222-0212";"205";"300";"0258";"45.31";"SKC-5E88";"IRAN MARCOS DE LIMA GUERRA";"TAPIRAMUTA";"-11,756068";"-40,710472";"https://www.google.com/maps?q=-11.756068, -40.710472";"Roteirizado"
"0293-0005";"205";"300";"0259";"47.9";"SKC-5E88";"IRAN MARCOS DE LIMA GUERRA";"TAPIRAMUTA";"-11,756458";"-40,711246";"https://www.google.com/maps?q=-11.756458, -40.711246";"Roteirizado"
"0222-0213";"205";"300";"0260";"43.03";"SKC-5E88";"IRAN MARCOS DE LIMA GUERRA";"TAPIRAMUTA";"-11,755990";"-40,714115";"https://www.google.com/maps?q=-11.755990, -40.714115";"Roteirizado"
"0216-0433";"201";"300";"0393";"44.81";"SKC-5E88";"IRAN MARCOS DE LIMA GUERRA";"MORRO DO CHAPEU";"-11,544165";"-41,176040";"https://www.google.com/maps?q=-11.544165, -41.176040";"Roteirizado"
"0216-0491";"201";"300";"0395";"47.54";"SKC-5E88";"IRAN MARCOS DE LIMA GUERRA";"MORRO DO CHAPEU";"-11,557717";"-41,155884";"https://www.google.com/maps?q=-11.557717, -41.155884";"Roteirizado"
"0216-0533";"201";"300";"0401";"88.63";"SKC-5E88";"IRAN MARCOS DE LIMA GUERRA";"MORRO DO CHAPEU";"-11,553672";"-41,163815";"https://www.google.com/maps?q=-11.553672, -41.163815";"Roteirizado"
"0216-0314";"201";"300";"0414";"10.26";"SKC-5E88";"IRAN MARCOS DE LIMA GUERRA";"MORRO DO CHAPEU";"-11,553625";"-41,163700";"https://www.google.com/maps?q=-11.553625, -41.163700";"Roteirizado"
"0216-0496";"201";"300";"0415";"43.99";"SKC-5E88";"IRAN MARCOS DE LIMA GUERRA";"MORRO DO CHAPEU";"-11,551484";"-41,165367";"https://www.google.com/maps?q=-11.551484, -41.165367";"Roteirizado"
"0216-0539";"201";"300";"0428";"87.66";"SKC-5E88";"IRAN MARCOS DE LIMA GUERRA";"MORRO DO CHAPEU";"-11,557173";"-41,156289";"https://www.google.com/maps?q=-11.557173, -41.156289";"Roteirizado"
"0216-0232";"201";"300";"0431";"221.22";"SKC-5E88";"IRAN MARCOS DE LIMA GUERRA";"";"-11,545792";"-41,174688";"https://www.google.com/maps?q=-11.545792, -41.174688";"Roteirizado"
"0216-0501";"201";"300";"0433";"54";"SKC-5E88";"IRAN MARCOS DE LIMA GUERRA";"";"-11,544585";"-41,175061";"https://www.google.com/maps?q=-11.544585, -41.175061";"Roteirizado"
"0216-0064";"201";"300";"0390";"62.74";"SKE-3D79";"JACIANE DE AMORIM LOPES AMADOR";"MORRO DO CHAPEU";"-11,545676";"-41,161507";"https://www.google.com/maps?q=-11.545676, -41.161507";"Roteirizado"
"0216-0439";"201";"300";"0391";"36.6";"SKE-3D79";"JACIANE DE AMORIM LOPES AMADOR";"MORRO DO CHAPEU";"-11,544741";"-41,164738";"https://www.google.com/maps?q=-11.544741, -41.164738";"Roteirizado"
"0216-0426";"201";"300";"0392";"1224.35";"SKE-3D79";"JACIANE DE AMORIM LOPES AMADOR";"MORRO DO CHAPEU";"-11,557233";"-41,157433";"https://www.google.com/maps?q=-11.557233, -41.157433";"Roteirizado"
"0216-0352";"201";"300";"0396";"254.16";"SKE-3D79";"JACIANE DE AMORIM LOPES AMADOR";"MORRO DO CHAPEU";"-11,557054";"-41,154951";"https://www.google.com/maps?q=-11.557054, -41.154951";"Roteirizado"
"0216-0503";"201";"300";"0397";"21.86";"SKE-3D79";"JACIANE DE AMORIM LOPES AMADOR";"MORRO DO CHAPEU";"-11,541108";"-41,153164";"https://www.google.com/maps?q=-11.541108, -41.153164";"Roteirizado"
"0216-0404";"201";"300";"0398";"51.03";"SKE-3D79";"JACIANE DE AMORIM LOPES AMADOR";"MORRO DO CHAPEU";"-11,547350";"-41,145477";"https://www.google.com/maps?q=-11.547350, -41.145477";"Roteirizado"
"0216-0515";"201";"300";"0399";"43.86";"SKE-3D79";"JACIANE DE AMORIM LOPES AMADOR";"MORRO DO CHAPEU";"-11,546055";"-41,147034";"https://www.google.com/maps?q=-11.546055, -41.147034";"Roteirizado"
"0201-0110";"201";"300";"0400";"49.56";"SKE-3D79";"JACIANE DE AMORIM LOPES AMADOR";"MORRO DO CHAPEU";"-11,548077";"-41,162174";"https://www.google.com/maps?q=-11.548077, -41.162174";"Roteirizado"
"0216-0495";"201";"300";"0402";"21.69";"SKE-3D79";"JACIANE DE AMORIM LOPES AMADOR";"MORRO DO CHAPEU";"-11,549782";"-41,156452";"https://www.google.com/maps?q=-11.549782, -41.156452";"Roteirizado"
"0213-0283";"201";"300";"0403";"24.88";"SKE-3D79";"JACIANE DE AMORIM LOPES AMADOR";"MORRO DO CHAPEU";"-11,549292";"-41,163570";"https://www.google.com/maps?q=-11.549292, -41.163570";"Roteirizado"
"0216-0535";"201";"300";"0404";"104.23";"SKE-3D79";"JACIANE DE AMORIM LOPES AMADOR";"MORRO DO CHAPEU";"-11,551106";"-41,163800";"https://www.google.com/maps?q=-11.551106, -41.163800";"Roteirizado"
"0216-0489";"201";"300";"0405";"128.39";"SKE-3D79";"JACIANE DE AMORIM LOPES AMADOR";"MORRO DO CHAPEU";"-11,549204";"-41,157230";"https://www.google.com/maps?q=-11.549204, -41.157230";"Roteirizado"
"0216-0485";"201";"300";"0406";"87.75";"SKE-3D79";"JACIANE DE AMORIM LOPES AMADOR";"MORRO DO CHAPEU";"-11,539636";"-41,171753";"https://www.google.com/maps?q=-11.539636, -41.171753";"Roteirizado"
"0216-0046";"201";"300";"0409";"214.88";"SKE-3D79";"JACIANE DE AMORIM LOPES AMADOR";"MORRO DO CHAPEU";"-11,548045";"-41,160010";"https://www.google.com/maps?q=-11.548045, -41.160010";"Roteirizado"
"0216-0225";"201";"300";"0410";"19.8";"SKE-3D79";"JACIANE DE AMORIM LOPES AMADOR";"MORRO DO CHAPEU";"-11,548021";"-41,159122";"https://www.google.com/maps?q=-11.548021, -41.159122";"Roteirizado"
"0216-0454";"201";"300";"0411";"12.04";"SKE-3D79";"JACIANE DE AMORIM LOPES AMADOR";"MORRO DO CHAPEU";"-11,546674";"-41,162193";"https://www.google.com/maps?q=-11.546674, -41.162193";"Roteirizado"
"0216-0205";"201";"300";"0412";"43.19";"SKE-3D79";"JACIANE DE AMORIM LOPES AMADOR";"MORRO DO CHAPEU";"-11,548094";"-41,159054";"https://www.google.com/maps?q=-11.548094, -41.159054";"Roteirizado"
"0201-0050";"201";"300";"0413";"131.39";"SKE-3D79";"JACIANE DE AMORIM LOPES AMADOR";"MORRO DO CHAPEU";"-11,546699";"-41,165794";"https://www.google.com/maps?q=-11.546699, -41.165794";"Roteirizado"
"0216-0012";"201";"300";"0416";"89";"SKE-3D79";"JACIANE DE AMORIM LOPES AMADOR";"MORRO DO CHAPEU";"-11,552778";"-41,156944";"https://www.google.com/maps?q=-11.552778, -41.156944";"Roteirizado"
"0216-0076";"201";"300";"0418";"28.2";"SKE-3D79";"JACIANE DE AMORIM LOPES AMADOR";"MORRO DO CHAPEU";"-11,551532";"-41,157930";"https://www.google.com/maps?q=-11.551532, -41.157930";"Roteirizado"
"0216-0050";"201";"300";"0419";"40.71";"SKE-3D79";"JACIANE DE AMORIM LOPES AMADOR";"MORRO DO CHAPEU";"-11,552307";"-41,154037";"https://www.google.com/maps?q=-11.552307, -41.154037";"Roteirizado"
"0216-0376";"201";"300";"0420";"19.32";"SKE-3D79";"JACIANE DE AMORIM LOPES AMADOR";"MORRO DO CHAPEU";"-11,551913";"-41,157673";"https://www.google.com/maps?q=-11.551913, -41.157673";"Roteirizado"
"0216-0453";"201";"300";"0421";"165.56";"SKE-3D79";"JACIANE DE AMORIM LOPES AMADOR";"MORRO DO CHAPEU";"-11,547453";"-41,148293";"https://www.google.com/maps?q=-11.547453, -41.148293";"Roteirizado"
"0216-0508";"201";"300";"0423";"92.63";"SKE-3D79";"JACIANE DE AMORIM LOPES AMADOR";"MORRO DO CHAPEU";"-11,544828";"-41,149082";"https://www.google.com/maps?q=-11.544828, -41.149082";"Roteirizado"
"0216-0437";"201";"300";"0424";"112.82";"SKE-3D79";"JACIANE DE AMORIM LOPES AMADOR";"MORRO DO CHAPEU";"-11,545753";"-41,149570";"https://www.google.com/maps?q=-11.545753, -41.149570";"Roteirizado"
"0216-0497";"201";"300";"0425";"180.68";"SKE-3D79";"JACIANE DE AMORIM LOPES AMADOR";"MORRO DO CHAPEU";"-11,546550";"-41,149307";"https://www.google.com/maps?q=-11.546550, -41.149307";"Roteirizado"
"0216-0276";"201";"300";"0426";"30.16";"SKE-3D79";"JACIANE DE AMORIM LOPES AMADOR";"MORRO DO CHAPEU";"-11,550167";"-41,157470";"https://www.google.com/maps?q=-11.550167, -41.157470";"Roteirizado"
"0216-0268";"201";"300";"0427";"77.36";"SKE-3D79";"JACIANE DE AMORIM LOPES AMADOR";"MORRO DO CHAPEU";"-11,548614";"-41,159218";"https://www.google.com/maps?q=-11.548614, -41.159218";"Roteirizado"
"0216-0024";"201";"300";"0429";"198.18";"SKE-3D79";"JACIANE DE AMORIM LOPES AMADOR";"MORRO DO CHAPEU";"-11,548520";"-41,159490";"https://www.google.com/maps?q=-11.548520, -41.159490";"Roteirizado"
"0202-0149";"201";"300";"0430";"13.87";"SKE-3D79";"JACIANE DE AMORIM LOPES AMADOR";"MORRO DO CHAPEU";"-11,548225";"-41,159645";"https://www.google.com/maps?q=-11.548225, -41.159645";"Roteirizado"
"0216-0277";"201";"300";"0432";"859.39";"SKE-3D79";"JACIANE DE AMORIM LOPES AMADOR";"MORRO DO CHAPEU";"-11,546578";"-41,173275";"https://www.google.com/maps?q=-11.546578, -41.173275";"Roteirizado"
"0216-0268";"201";"300";"0434";"80.01";"SKE-3D79";"JACIANE DE AMORIM LOPES AMADOR";"MORRO DO CHAPEU";"-11,548614";"-41,159218";"https://www.google.com/maps?q=-11.548614, -41.159218";"Roteirizado"
"0226-0070";"215";"300";"0138";"53.22";"RZR-0H05";"MICHEL PLATINI SOUZA PAIVA";"JACOBINA";"-10,973227";"-40,767403";"https://www.google.com/maps?q=-10.973227, -40.767403";"Roteirizado"
"0289-0031";"215";"300";"0139";"121.83";"RZR-0H05";"MICHEL PLATINI SOUZA PAIVA";"JACOBINA";"-10,970895";"-40,769897";"https://www.google.com/maps?q=-10.970895, -40.769897";"Roteirizado"
"0289-0035";"215";"300";"0141";"155.96";"RZR-0H05";"MICHEL PLATINI SOUZA PAIVA";"JACOBINA";"-10,989119";"-40,735161";"https://www.google.com/maps?q=-10.989119, -40.735161";"Roteirizado"
"0226-0203";"215";"300";"0142";"411.27";"RZR-0H05";"MICHEL PLATINI SOUZA PAIVA";"MIRANGABA";"-10,975185";"-40,765340";"https://www.google.com/maps?q=-10.975185, -40.765340";"Roteirizado"
"0289-0005";"215";"300";"0143";"60.54";"RZR-0H05";"MICHEL PLATINI SOUZA PAIVA";"JACOBINA";"-10,974583";"-40,765930";"https://www.google.com/maps?q=-10.974583, -40.765930";"Roteirizado"
"0265-0006";"215";"300";"0144";"149.41";"RZR-0H05";"MICHEL PLATINI SOUZA PAIVA";"MIRANGABA";"-10,890411";"-40,699770";"https://www.google.com/maps?q=-10.890411, -40.699770";"Roteirizado"
"0265-0046";"215";"300";"0145";"35.6";"RZR-0H05";"MICHEL PLATINI SOUZA PAIVA";"MIRANGABA";"-10,890000";"-40,698055";"https://www.google.com/maps?q=-10.890000, -40.698055";"Roteirizado"
"0226-0202";"215";"300";"0146";"61.56";"RZR-0H05";"MICHEL PLATINI SOUZA PAIVA";"MIRANGABA";"-10,890352";"-40,698612";"https://www.google.com/maps?q=-10.890352, -40.698612";"Roteirizado"
"0265-0019";"215";"300";"0147";"89.3";"RZR-0H05";"MICHEL PLATINI SOUZA PAIVA";"MIRANGABA";"-10,890449";"-40,700530";"https://www.google.com/maps?q=-10.890449, -40.700530";"Roteirizado"
"0265-0059";"215";"300";"0148";"130.7";"RZR-0H05";"MICHEL PLATINI SOUZA PAIVA";"MIRANGABA";"-10,895456";"-40,685276";"https://www.google.com/maps?q=-10.895456, -40.685276";"Roteirizado"
"0226-0160";"215";"300";"0149";"137.68";"RZR-0H05";"MICHEL PLATINI SOUZA PAIVA";"MIRANGABA";"-10,890620";"-40,701077";"https://www.google.com/maps?q=-10.890620, -40.701077";"Roteirizado"
"0226-0148";"215";"300";"0150";"217.4";"RZR-0H05";"MICHEL PLATINI SOUZA PAIVA";"MIRANGABA";"-10,955061";"-40,575462";"https://www.google.com/maps?q=-10.955061, -40.575462";"Roteirizado"
"0265-0068";"215";"300";"0151";"74.99";"RZR-0H05";"MICHEL PLATINI SOUZA PAIVA";"MIRANGABA";"-10,895673";"-40,685028";"https://www.google.com/maps?q=-10.895673, -40.685028";"Roteirizado"
"0265-0044";"215";"300";"0152";"39.72";"RZR-0H05";"MICHEL PLATINI SOUZA PAIVA";"MIRANGABA";"-10,954166";"-40,576110";"https://www.google.com/maps?q=-10.954166, -40.576110";"Roteirizado"
"0226-0180";"215";"300";"0153";"389.1";"RZR-0H05";"MICHEL PLATINI SOUZA PAIVA";"MIRANGABA";"-10,954783";"-40,575264";"https://www.google.com/maps?q=-10.954783, -40.575264";"Roteirizado"
"0226-0195";"215";"300";"0154";"225.95";"RZR-0H05";"MICHEL PLATINI SOUZA PAIVA";"MIRANGABA";"-10,956116";"-40,574936";"https://www.google.com/maps?q=-10.956116, -40.574936";"Roteirizado"
"0265-0031";"215";"300";"0155";"98.25";"RZR-0H05";"MICHEL PLATINI SOUZA PAIVA";"MIRANGABA";"-10,954434";"-40,575474";"https://www.google.com/maps?q=-10.954434, -40.575474";"Roteirizado"
"0226-0149";"215";"300";"0156";"62.67";"RZR-0H05";"MICHEL PLATINI SOUZA PAIVA";"MIRANGABA";"-10,954463";"-40,575690";"https://www.google.com/maps?q=-10.954463, -40.575690";"Roteirizado"
"0226-0160";"215";"300";"0157";"43.46";"RZR-0H05";"MICHEL PLATINI SOUZA PAIVA";"MIRANGABA";"-10,890620";"-40,701077";"https://www.google.com/maps?q=-10.890620, -40.701077";"Roteirizado"
"0265-0050";"215";"300";"0158";"134.16";"RZR-0H05";"MICHEL PLATINI SOUZA PAIVA";"MIRANGABA";"-10,890622";"-40,697150";"https://www.google.com/maps?q=-10.890622, -40.697150";"Roteirizado"
"0265-0043";"215";"300";"0159";"116.88";"RZR-0H05";"MICHEL PLATINI SOUZA PAIVA";"MIRANGABA";"-10,954722";"-40,575280";"https://www.google.com/maps?q=-10.954722, -40.575280";"Roteirizado"
"0265-0038";"215";"300";"0160";"190.99";"RZR-0H05";"MICHEL PLATINI SOUZA PAIVA";"MIRANGABA";"-10,955438";"-40,575314";"https://www.google.com/maps?q=-10.955438, -40.575314";"Roteirizado"
"0289-0016";"215";"300";"0162";"4210.4";"RZR-0H05";"MICHEL PLATINI SOUZA PAIVA";"JACOBINA";"-10,974702";"-40,766354";"https://www.google.com/maps?q=-10.974702, -40.766354";"Roteirizado"
"0265-0043";"215";"300";"0163";"33";"RZR-0H05";"MICHEL PLATINI SOUZA PAIVA";"MIRANGABA";"-10,954722";"-40,575280";"https://www.google.com/maps?q=-10.954722, -40.575280";"Roteirizado"
"0226-0075";"215";"300";"0164";"61.8";"RZR-0H05";"MICHEL PLATINI SOUZA PAIVA";"VARZEA NOVA";"-11,051694";"-40,781822";"https://www.google.com/maps?q=-11.051694, -40.781822";"Roteirizado"
"0289-0030";"215";"300";"0165";"33.26";"RZR-0H05";"MICHEL PLATINI SOUZA PAIVA";"JACOBINA";"-11,050425";"-40,783700";"https://www.google.com/maps?q=-11.050425, -40.783700";"Roteirizado"
"0289-0011";"215";"300";"0166";"199.21";"RZR-0H05";"MICHEL PLATINI SOUZA PAIVA";"JACOBINA";"-11,050508";"-40,783670";"https://www.google.com/maps?q=-11.050508, -40.783670";"Roteirizado"
"0226-0073";"215";"300";"0167";"220.52";"RZR-0H05";"MICHEL PLATINI SOUZA PAIVA";"VARZEA NOVA";"-11,051855";"-40,781845";"https://www.google.com/maps?q=-11.051855, -40.781845";"Roteirizado"
"0289-0037";"215";"300";"0168";"74.7";"RZR-0H05";"MICHEL PLATINI SOUZA PAIVA";"JACOBINA";"-11,052028";"-40,781494";"https://www.google.com/maps?q=-11.052028, -40.781494";"Roteirizado"
"0226-0019";"215";"300";"0169";"79.14";"RZR-0H05";"MICHEL PLATINI SOUZA PAIVA";"VARZEA NOVA";"-11,052395";"-40,781170";"https://www.google.com/maps?q=-11.052395, -40.781170";"Roteirizado"
"0289-0007";"215";"300";"0170";"32.35";"RZR-0H05";"MICHEL PLATINI SOUZA PAIVA";"JACOBINA";"-11,052515";"-40,780430";"https://www.google.com/maps?q=-11.052515, -40.780430";"Roteirizado"
"0226-0074";"215";"300";"0171";"25";"RZR-0H05";"MICHEL PLATINI SOUZA PAIVA";"VARZEA NOVA";"-11,052478";"-40,780518";"https://www.google.com/maps?q=-11.052478, -40.780518";"Roteirizado"
"0226-0132";"215";"300";"0172";"58.8";"RZR-0H05";"MICHEL PLATINI SOUZA PAIVA";"VARZEA NOVA";"-11,053213";"-40,779640";"https://www.google.com/maps?q=-11.053213, -40.779640";"Roteirizado"
"0226-0219";"215";"300";"0173";"129.71";"RZR-0H05";"MICHEL PLATINI SOUZA PAIVA";"VARZEA NOVA";"-11,053531";"-40,781178";"https://www.google.com/maps?q=-11.053531, -40.781178";"Roteirizado"
"0226-0278";"215";"300";"0175";"76.69";"RZR-0H05";"MICHEL PLATINI SOUZA PAIVA";"VARZEA NOVA";"-11,054606";"-40,780960";"https://www.google.com/maps?q=-11.054606, -40.780960";"Roteirizado"
"0289-0038";"215";"300";"0176";"155.64";"RZR-0H05";"MICHEL PLATINI SOUZA PAIVA";"JACOBINA";"-11,054107";"-40,782246";"https://www.google.com/maps?q=-11.054107, -40.782246";"Roteirizado"
"0226-0054";"215";"300";"0177";"31.66";"RZR-0H05";"MICHEL PLATINI SOUZA PAIVA";"VARZEA NOVA";"-11,052758";"-40,781540";"https://www.google.com/maps?q=-11.052758, -40.781540";"Roteirizado"
"0226-0101";"215";"300";"0178";"38.46";"RZR-0H05";"MICHEL PLATINI SOUZA PAIVA";"VARZEA NOVA";"-11,052443";"-40,781036";"https://www.google.com/maps?q=-11.052443, -40.781036";"Roteirizado"
"0289-0018";"215";"300";"0180";"112.51";"RZR-0H05";"MICHEL PLATINI SOUZA PAIVA";"JACOBINA";"-11,053031";"-40,780422";"https://www.google.com/maps?q=-11.053031, -40.780422";"Roteirizado"
"0289-0023";"215";"300";"0182";"123.07";"RZR-0H05";"MICHEL PLATINI SOUZA PAIVA";"JACOBINA";"-11,054214";"-40,782444";"https://www.google.com/maps?q=-11.054214, -40.782444";"Roteirizado"
"0289-0039";"215";"300";"0183";"59.56";"RZR-0H05";"MICHEL PLATINI SOUZA PAIVA";"";"-11,054112";"-40,782222";"https://www.google.com/maps?q=-11.054112, -40.782222";"Roteirizado"
"0226-0008";"215";"300";"0184";"115.75";"RZR-0H05";"MICHEL PLATINI SOUZA PAIVA";"VARZEA NOVA";"-11,052404";"-40,780580";"https://www.google.com/maps?q=-11.052404, -40.780580";"Roteirizado"
"0226-0317";"215";"300";"0185";"324.59";"RZR-0H05";"MICHEL PLATINI SOUZA PAIVA";"VARZEA NOVA";"-11,052504";"-40,780434";"https://www.google.com/maps?q=-11.052504, -40.780434";"Roteirizado"
"0226-0170";"215";"300";"0186";"169.02";"RZR-0H05";"MICHEL PLATINI SOUZA PAIVA";"JACOBINA";"-11,052513";"-40,780350";"https://www.google.com/maps?q=-11.052513, -40.780350";"Roteirizado"
"0289-0001";"215";"300";"0187";"43.19";"RZR-0H05";"MICHEL PLATINI SOUZA PAIVA";"JACOBINA";"-11,053224";"-40,781948";"https://www.google.com/maps?q=-11.053224, -40.781948";"Roteirizado"
"0226-0306";"215";"300";"0188";"124.49";"RZR-0H05";"MICHEL PLATINI SOUZA PAIVA";"VARZEA NOVA";"-11,053014";"-40,781145";"https://www.google.com/maps?q=-11.053014, -40.781145";"Roteirizado"
"0226-0317";"215";"300";"0189";"19.61";"RZR-0H05";"MICHEL PLATINI SOUZA PAIVA";"VARZEA NOVA";"-11,052504";"-40,780434";"https://www.google.com/maps?q=-11.052504, -40.780434";"Roteirizado"
"0226-0153";"215";"300";"0387";"72.67";"RZR-0H05";"MICHEL PLATINI SOUZA PAIVA";"MIRANGABA";"-10,954056";"-40,576090";"https://www.google.com/maps?q=-10.954056, -40.576090";"Roteirizado"
"0213-0100";"206";"200";"0087";"217.21";"QYU-0H13";"WILSON SILVA TEIXEIRA";"JOAO DOURADO";"-11,391933";"-41,700810";"https://www.google.com/maps?q=-11.391933, -41.700810";"Roteirizado"
"0213-0134";"206";"200";"0088";"24.9";"QYU-0H13";"WILSON SILVA TEIXEIRA";"JOAO DOURADO";"-11,340673";"-41,744534";"https://www.google.com/maps?q=-11.340673, -41.744534";"Roteirizado"
"0213-0379";"206";"200";"0089";"179.95";"QYU-0H13";"WILSON SILVA TEIXEIRA";"JOAO DOURADO";"-11,392015";"-41,699420";"https://www.google.com/maps?q=-11.392015, -41.699420";"Roteirizado"
"0200-2876";"206";"200";"0090";"70.79";"QYU-0H13";"WILSON SILVA TEIXEIRA";"IRECE";"-11,340495";"-41,744560";"https://www.google.com/maps?q=-11.340495, -41.744560";"Roteirizado"
"0213-0069";"206";"200";"0091";"88.46";"QYU-0H13";"WILSON SILVA TEIXEIRA";"JOAO DOURADO";"-11,394445";"-41,698357";"https://www.google.com/maps?q=-11.394445, -41.698357";"Roteirizado"
"0213-0350";"206";"200";"0092";"26.89";"QYU-0H13";"WILSON SILVA TEIXEIRA";"JOAO DOURADO";"-11,347008";"-41,663557";"https://www.google.com/maps?q=-11.347008, -41.663557";"Roteirizado"
"0213-0315";"206";"200";"0093";"25.64";"QYU-0H13";"WILSON SILVA TEIXEIRA";"JOAO DOURADO";"-11,393826";"-41,696346";"https://www.google.com/maps?q=-11.393826, -41.696346";"Roteirizado"
"0213-0423";"206";"200";"0094";"25.64";"QYU-0H13";"WILSON SILVA TEIXEIRA";"";"-11,394616";"-41,697313";"https://www.google.com/maps?q=-11.394616, -41.697313";"Roteirizado"
"0213-0338";"206";"200";"0095";"43.39";"QYU-0H13";"WILSON SILVA TEIXEIRA";"JOAO DOURADO";"-11,346805";"-41,651512";"https://www.google.com/maps?q=-11.346805, -41.651512";"Roteirizado"
"0213-0228";"206";"200";"0096";"61.91";"QYU-0H13";"WILSON SILVA TEIXEIRA";"JOAO DOURADO";"-11,346786";"-41,651390";"https://www.google.com/maps?q=-11.346786, -41.651390";"Roteirizado"
"0213-0421";"206";"200";"0098";"47.13";"QYU-0H13";"WILSON SILVA TEIXEIRA";"JOAO DOURADO";"-11,344430";"-41,664663";"https://www.google.com/maps?q=-11.344430, -41.664663";"Roteirizado"
"0213-0422";"206";"200";"0099";"22.58";"QYU-0H13";"WILSON SILVA TEIXEIRA";"JOAO DOURADO";"-11,344793";"-41,665436";"https://www.google.com/maps?q=-11.344793, -41.665436";"Roteirizado"
"0213-0399";"206";"200";"0100";"122.13";"QYU-0H13";"WILSON SILVA TEIXEIRA";"JOAO DOURADO";"-11,342257";"-41,666695";"https://www.google.com/maps?q=-11.342257, -41.666695";"Roteirizado"
"0213-0047";"206";"200";"0101";"24.59";"QYU-0H13";"WILSON SILVA TEIXEIRA";"JOAO DOURADO";"-11,350537";"-41,663136";"https://www.google.com/maps?q=-11.350537, -41.663136";"Roteirizado"
"0213-0288";"206";"200";"0102";"67.66";"QYU-0H13";"WILSON SILVA TEIXEIRA";"JOAO DOURADO";"-11,344149";"-41,666576";"https://www.google.com/maps?q=-11.344149, -41.666576";"Roteirizado"
"0213-0226";"206";"200";"0103";"33.85";"QYU-0H13";"WILSON SILVA TEIXEIRA";"JOAO DOURADO";"-11,351911";"-41,664852";"https://www.google.com/maps?q=-11.351911, -41.664852";"Roteirizado"
"0213-0403";"206";"200";"0104";"49.56";"QYU-0H13";"WILSON SILVA TEIXEIRA";"JOAO DOURADO";"-11,344715";"-41,668190";"https://www.google.com/maps?q=-11.344715, -41.668190";"Roteirizado"
"0213-0373";"206";"200";"0105";"57.71";"QYU-0H13";"WILSON SILVA TEIXEIRA";"JOAO DOURADO";"-11,342797";"-41,659290";"https://www.google.com/maps?q=-11.342797, -41.659290";"Roteirizado"
"0213-0339";"206";"200";"0106";"42.94";"QYU-0H13";"WILSON SILVA TEIXEIRA";"JOAO DOURADO";"-11,344002";"-41,666626";"https://www.google.com/maps?q=-11.344002, -41.666626";"Roteirizado"
"0200-0933";"206";"200";"0107";"32.35";"QYU-0H13";"WILSON SILVA TEIXEIRA";"IRECE";"-11,340930";"-41,745102";"https://www.google.com/maps?q=-11.340930, -41.745102";"Roteirizado"
"0213-0277";"206";"200";"0108";"133.42";"QYU-0H13";"WILSON SILVA TEIXEIRA";"JOAO DOURADO";"-11,347213";"-41,646250";"https://www.google.com/maps?q=-11.347213, -41.646250";"Roteirizado"
"0220-0189";"206";"200";"0109";"25.9";"QYU-0H13";"WILSON SILVA TEIXEIRA";"SAO GABRIEL";"-11,339730";"-41,674090";"https://www.google.com/maps?q=-11.339730, -41.674090";"Roteirizado"
"0213-0110";"206";"200";"0110";"113.91";"QYU-0H13";"WILSON SILVA TEIXEIRA";"JOAO DOURADO";"-11,331037";"-41,778442";"https://www.google.com/maps?q=-11.331037, -41.778442";"Roteirizado"
"0200-2917";"206";"200";"0111";"57.75";"QYU-0H13";"WILSON SILVA TEIXEIRA";"IRECE";"-11,332261";"-41,777370";"https://www.google.com/maps?q=-11.332261, -41.777370";"Roteirizado"
"0213-0063";"206";"200";"0112";"79.57";"QYU-0H13";"WILSON SILVA TEIXEIRA";"JOAO DOURADO";"-11,343331";"-41,657620";"https://www.google.com/maps?q=-11.343331, -41.657620";"Roteirizado"
"0213-0384";"206";"200";"0113";"29.4";"QYU-0H13";"WILSON SILVA TEIXEIRA";"JOAO DOURADO";"-11,342362";"-41,645367";"https://www.google.com/maps?q=-11.342362, -41.645367";"Roteirizado"
"0213-0238";"206";"200";"0114";"52.75";"QYU-0H13";"WILSON SILVA TEIXEIRA";"JOAO DOURADO";"-11,346802";"-41,658413";"https://www.google.com/maps?q=-11.346802, -41.658413";"Roteirizado"
"0213-0301";"206";"200";"0115";"123";"QYU-0H13";"WILSON SILVA TEIXEIRA";"JOAO DOURADO";"-11,345206";"-41,666664";"https://www.google.com/maps?q=-11.345206, -41.666664";"Roteirizado"
"0213-0362";"206";"200";"0116";"24.48";"QYU-0H13";"WILSON SILVA TEIXEIRA";"JOAO DOURADO";"-11,346679";"-41,659800";"https://www.google.com/maps?q=-11.346679, -41.659800";"Roteirizado"
"0213-0367";"206";"200";"0117";"34.86";"QYU-0H13";"WILSON SILVA TEIXEIRA";"JOAO DOURADO";"-11,347856";"-41,660010";"https://www.google.com/maps?q=-11.347856, -41.660010";"Roteirizado"
"0213-0364";"206";"200";"0118";"37.48";"QYU-0H13";"WILSON SILVA TEIXEIRA";"JOAO DOURADO";"-11,346335";"-41,663162";"https://www.google.com/maps?q=-11.346335, -41.663162";"Roteirizado"
"0213-0298";"206";"200";"0119";"67.02";"QYU-0H13";"WILSON SILVA TEIXEIRA";"JOAO DOURADO";"-11,347387";"-41,663493";"https://www.google.com/maps?q=-11.347387, -41.663493";"Roteirizado"
"0213-0020";"206";"200";"0120";"164.82";"QYU-0H13";"WILSON SILVA TEIXEIRA";"JOAO DOURADO";"-11,345378";"-41,663116";"https://www.google.com/maps?q=-11.345378, -41.663116";"Roteirizado"
"0213-0282";"206";"200";"0121";"74.87";"QYU-0H13";"WILSON SILVA TEIXEIRA";"JOAO DOURADO";"-11,350193";"-41,661575";"https://www.google.com/maps?q=-11.350193, -41.661575";"Roteirizado"
"0213-0336";"206";"200";"0122";"24.31";"QYU-0H13";"WILSON SILVA TEIXEIRA";"JOAO DOURADO";"-11,351087";"-41,665035";"https://www.google.com/maps?q=-11.351087, -41.665035";"Roteirizado"
"0213-0392";"206";"200";"0123";"29.67";"QYU-0H13";"WILSON SILVA TEIXEIRA";"JOAO DOURADO";"-11,350516";"-41,664660";"https://www.google.com/maps?q=-11.350516, -41.664660";"Roteirizado"
"0213-0331";"206";"200";"0124";"59.16";"QYU-0H13";"WILSON SILVA TEIXEIRA";"JOAO DOURADO";"-11,348080";"-41,651660";"https://www.google.com/maps?q=-11.348080, -41.651660";"Roteirizado"
"0213-0413";"206";"200";"0126";"231.78";"QYU-0H13";"WILSON SILVA TEIXEIRA";"JOAO DOURADO";"-11,342557";"-41,663407";"https://www.google.com/maps?q=-11.342557, -41.663407";"Roteirizado"
"0213-0359";"206";"200";"0127";"13.75";"QYU-0H13";"WILSON SILVA TEIXEIRA";"JOAO DOURADO";"-11,341630";"-41,657207";"https://www.google.com/maps?q=-11.341630, -41.657207";"Roteirizado"
"0213-0366";"206";"200";"0128";"25.6";"QYU-0H13";"WILSON SILVA TEIXEIRA";"JOAO DOURADO";"-11,338794";"-41,666664";"https://www.google.com/maps?q=-11.338794, -41.666664";"Roteirizado"
"0213-0417";"206";"200";"0129";"56.67";"QYU-0H13";"WILSON SILVA TEIXEIRA";"JOAO DOURADO";"-11,342893";"-41,656809";"https://www.google.com/maps?q=-11.342893, -41.656809";"Roteirizado"
"0213-0129";"206";"200";"0130";"108.2";"QYU-0H13";"WILSON SILVA TEIXEIRA";"JOAO DOURADO";"-11,341974";"-41,666294";"https://www.google.com/maps?q=-11.341974, -41.666294";"Roteirizado"
"0213-0111";"206";"200";"0131";"36.74";"QYU-0H13";"WILSON SILVA TEIXEIRA";"JOAO DOURADO";"-11,351283";"-41,666843";"https://www.google.com/maps?q=-11.351283, -41.666843";"Roteirizado"
"0213-0383";"206";"200";"0132";"330";"QYU-0H13";"WILSON SILVA TEIXEIRA";"JOAO DOURADO";"-11,349391";"-41,664555";"https://www.google.com/maps?q=-11.349391, -41.664555";"Roteirizado"
"0213-0375";"206";"200";"0133";"135.78";"QYU-0H13";"WILSON SILVA TEIXEIRA";"JOAO DOURADO";"-11,347424";"-41,658386";"https://www.google.com/maps?q=-11.347424, -41.658386";"Roteirizado"
"0213-0419";"206";"200";"0134";"76.08";"QYU-0H13";"WILSON SILVA TEIXEIRA";"JOAO DOURADO";"-11,349473";"-41,663260";"https://www.google.com/maps?q=-11.349473, -41.663260";"Roteirizado"
"0213-0136";"206";"200";"0135";"80.14";"QYU-0H13";"WILSON SILVA TEIXEIRA";"JOAO DOURADO";"-11,346058";"-41,663265";"https://www.google.com/maps?q=-11.346058, -41.663265";"Roteirizado"
"0213-0343";"206";"200";"0136";"115.23";"QYU-0H13";"WILSON SILVA TEIXEIRA";"JOAO DOURADO";"-11,341763";"-41,657140";"https://www.google.com/maps?q=-11.341763, -41.657140";"Roteirizado"
"0213-0278";"206";"200";"0137";"73.56";"QYU-0H13";"WILSON SILVA TEIXEIRA";"JOAO DOURADO";"-11,339748";"-41,668530";"https://www.google.com/maps?q=-11.339748, -41.668530";"Roteirizado"
"0215-0412";"204";"500";"0065";"185.09";"NYQ-4897";"RAFAEL CAVALCANTE DE ARAUJO NETO";"LAPAO";"-11,382404";"-41,834675";"https://www.google.com/maps?q=-11.382404, -41.834675";"Roteirizado"
"0215-0308";"204";"500";"0066";"10.33";"NYQ-4897";"RAFAEL CAVALCANTE DE ARAUJO NETO";"LAPAO";"-11,382730";"-41,834457";"https://www.google.com/maps?q=-11.382730, -41.834457";"Roteirizado"
"0215-0327";"204";"500";"0067";"167.04";"NYQ-4897";"RAFAEL CAVALCANTE DE ARAUJO NETO";"LAPAO";"-11,382038";"-41,834515";"https://www.google.com/maps?q=-11.382038, -41.834515";"Roteirizado"
"0215-0390";"204";"500";"0068";"61.06";"NYQ-4897";"RAFAEL CAVALCANTE DE ARAUJO NETO";"LAPAO";"-11,382981";"-41,834553";"https://www.google.com/maps?q=-11.382981, -41.834553";"Roteirizado"
"0215-0048";"204";"500";"0069";"58.29";"NYQ-4897";"RAFAEL CAVALCANTE DE ARAUJO NETO";"LAPAO";"-11,381170";"-41,830494";"https://www.google.com/maps?q=-11.381170, -41.830494";"Roteirizado"
"0215-0323";"204";"500";"0070";"29.92";"NYQ-4897";"RAFAEL CAVALCANTE DE ARAUJO NETO";"LAPAO";"-11,382816";"-41,829500";"https://www.google.com/maps?q=-11.382816, -41.829500";"Roteirizado"
"0215-0270";"204";"500";"0071";"160.85";"NYQ-4897";"RAFAEL CAVALCANTE DE ARAUJO NETO";"LAPAO";"-11,415392";"-41,760796";"https://www.google.com/maps?q=-11.415392, -41.760796";"Roteirizado"
"0215-0033";"204";"500";"0072";"59.38";"NYQ-4897";"RAFAEL CAVALCANTE DE ARAUJO NETO";"LAPAO";"-11,383065";"-41,827953";"https://www.google.com/maps?q=-11.383065, -41.827953";"Roteirizado"
"0215-0095";"204";"500";"0073";"9.4";"NYQ-4897";"RAFAEL CAVALCANTE DE ARAUJO NETO";"LAPAO";"-11,387448";"-41,826324";"https://www.google.com/maps?q=-11.387448, -41.826324";"Roteirizado"
"0215-0278";"204";"500";"0074";"62.57";"NYQ-4897";"RAFAEL CAVALCANTE DE ARAUJO NETO";"LAPAO";"-11,414722";"-41,760834";"https://www.google.com/maps?q=-11.414722, -41.760834";"Roteirizado"
"0215-0320";"204";"500";"0075";"187.91";"NYQ-4897";"RAFAEL CAVALCANTE DE ARAUJO NETO";"LAPAO";"-11,380898";"-41,827370";"https://www.google.com/maps?q=-11.380898, -41.827370";"Roteirizado"
"0215-0025";"204";"500";"0076";"221.73";"NYQ-4897";"RAFAEL CAVALCANTE DE ARAUJO NETO";"LAPAO";"-11,382975";"-41,826380";"https://www.google.com/maps?q=-11.382975, -41.826380";"Roteirizado"
"0215-0396";"204";"500";"0077";"8.35";"NYQ-4897";"RAFAEL CAVALCANTE DE ARAUJO NETO";"LAPAO";"-11,382631";"-41,828500";"https://www.google.com/maps?q=-11.382631, -41.828500";"Roteirizado"
"0215-0027";"204";"500";"0078";"52.55";"NYQ-4897";"RAFAEL CAVALCANTE DE ARAUJO NETO";"LAPAO";"-11,381900";"-41,828080";"https://www.google.com/maps?q=-11.381900, -41.828080";"Roteirizado"
"0215-0311";"204";"500";"0079";"12.92";"NYQ-4897";"RAFAEL CAVALCANTE DE ARAUJO NETO";"LAPAO";"-11,376587";"-41,831543";"https://www.google.com/maps?q=-11.376587, -41.831543";"Roteirizado"
"0215-0311";"204";"500";"0080";"97.81";"NYQ-4897";"RAFAEL CAVALCANTE DE ARAUJO NETO";"LAPAO";"-11,376587";"-41,831543";"https://www.google.com/maps?q=-11.376587, -41.831543";"Roteirizado"
"0215-0343";"204";"500";"0081";"44.46";"NYQ-4897";"RAFAEL CAVALCANTE DE ARAUJO NETO";"LAPAO";"-11,382486";"-41,835270";"https://www.google.com/maps?q=-11.382486, -41.835270";"Roteirizado"
"0215-0457";"204";"500";"0082";"64.88";"NYQ-4897";"RAFAEL CAVALCANTE DE ARAUJO NETO";"LAPAO";"-11,385804";"-41,836337";"https://www.google.com/maps?q=-11.385804, -41.836337";"Roteirizado"
"0215-0343";"204";"500";"0083";"38.21";"NYQ-4897";"RAFAEL CAVALCANTE DE ARAUJO NETO";"LAPAO";"-11,382486";"-41,835270";"https://www.google.com/maps?q=-11.382486, -41.835270";"Roteirizado"
"0215-0413";"204";"500";"0084";"233.06";"NYQ-4897";"RAFAEL CAVALCANTE DE ARAUJO NETO";"LAPAO";"-11,382403";"-41,833717";"https://www.google.com/maps?q=-11.382403, -41.833717";"Roteirizado"
"0215-0464";"204";"500";"0085";"35.28";"NYQ-4897";"RAFAEL CAVALCANTE DE ARAUJO NETO";"LAPAO";"-11,382747";"-41,827828";"https://www.google.com/maps?q=-11.382747, -41.827828";"Roteirizado"
"0215-0466";"204";"500";"0086";"44.44";"NYQ-4897";"RAFAEL CAVALCANTE DE ARAUJO NETO";"LAPAO";"-11,382469";"-41,829700";"https://www.google.com/maps?q=-11.382469, -41.829700";"Roteirizado"
"0220-0050";"207";"500";"0261";"80.73";"RZR-5J47";"LEANDRO BARRETO DE SOUZA";"SAO GABRIEL";"-11,225492";"-41,871100";"https://www.google.com/maps?q=-11.225492, -41.871100";"Roteirizado"
"0220-0297";"207";"500";"0262";"107.21";"RZR-5J47";"LEANDRO BARRETO DE SOUZA";"SAO GABRIEL";"-11,227211";"-41,871967";"https://www.google.com/maps?q=-11.227211, -41.871967";"Roteirizado"
"0220-0207";"207";"500";"0263";"175.66";"RZR-5J47";"LEANDRO BARRETO DE SOUZA";"SAO GABRIEL";"-11,228553";"-41,878536";"https://www.google.com/maps?q=-11.228553, -41.878536";"Roteirizado"
"0220-0309";"207";"500";"0264";"103.16";"RZR-5J47";"LEANDRO BARRETO DE SOUZA";"SAO GABRIEL";"-11,220290";"-41,870375";"https://www.google.com/maps?q=-11.220290, -41.870375";"Roteirizado"
"0220-0273";"207";"500";"0265";"26.54";"RZR-5J47";"LEANDRO BARRETO DE SOUZA";"SAO GABRIEL";"-11,229722";"-41,874720";"https://www.google.com/maps?q=-11.229722, -41.874720";"Roteirizado"
"0220-0224";"207";"500";"0266";"41.59";"RZR-5J47";"LEANDRO BARRETO DE SOUZA";"SAO GABRIEL";"-11,229308";"-41,874990";"https://www.google.com/maps?q=-11.229308, -41.874990";"Roteirizado"
"0220-0273";"207";"500";"0267";"12.82";"RZR-5J47";"LEANDRO BARRETO DE SOUZA";"SAO GABRIEL";"-11,229722";"-41,874720";"https://www.google.com/maps?q=-11.229722, -41.874720";"Roteirizado"
"0200-2323";"207";"500";"0268";"203.75";"RZR-5J47";"LEANDRO BARRETO DE SOUZA";"SAO GABRIEL";"-11,229337";"-41,873320";"https://www.google.com/maps?q=-11.229337, -41.873320";"Roteirizado"
"0220-0298";"207";"500";"0269";"146.02";"RZR-5J47";"LEANDRO BARRETO DE SOUZA";"SAO GABRIEL";"-11,228391";"-41,877380";"https://www.google.com/maps?q=-11.228391, -41.877380";"Roteirizado"
"0220-0325";"207";"500";"0270";"224.05";"RZR-5J47";"LEANDRO BARRETO DE SOUZA";"SAO GABRIEL";"-11,228434";"-41,878946";"https://www.google.com/maps?q=-11.228434, -41.878946";"Roteirizado"
"0220-0283";"207";"500";"0271";"112.01";"RZR-5J47";"LEANDRO BARRETO DE SOUZA";"SAO GABRIEL";"-11,225175";"-41,882614";"https://www.google.com/maps?q=-11.225175, -41.882614";"Roteirizado"
"0220-0284";"207";"500";"0272";"61.75";"RZR-5J47";"LEANDRO BARRETO DE SOUZA";"SAO GABRIEL";"-11,227588";"-41,881886";"https://www.google.com/maps?q=-11.227588, -41.881886";"Roteirizado"
"0220-0246";"207";"500";"0273";"106.12";"RZR-5J47";"LEANDRO BARRETO DE SOUZA";"SAO GABRIEL";"-11,228395";"-41,877510";"https://www.google.com/maps?q=-11.228395, -41.877510";"Roteirizado"
"0220-0328";"207";"500";"0274";"64.34";"RZR-5J47";"LEANDRO BARRETO DE SOUZA";"SAO GABRIEL";"-11,228158";"-41,877552";"https://www.google.com/maps?q=-11.228158, -41.877552";"Roteirizado"
"0220-0328";"207";"500";"0275";"21.84";"RZR-5J47";"LEANDRO BARRETO DE SOUZA";"SAO GABRIEL";"-11,228158";"-41,877552";"https://www.google.com/maps?q=-11.228158, -41.877552";"Roteirizado"
"0220-0329";"207";"500";"0276";"64.97";"RZR-5J47";"LEANDRO BARRETO DE SOUZA";"SAO GABRIEL";"-11,228509";"-41,878509";"https://www.google.com/maps?q=-11.228509, -41.878509";"Roteirizado"
"0220-0296";"207";"500";"0277";"222.38";"RZR-5J47";"LEANDRO BARRETO DE SOUZA";"SAO GABRIEL";"-11,228016";"-41,877705";"https://www.google.com/maps?q=-11.228016, -41.877705";"Roteirizado"
"0220-0271";"207";"500";"0278";"40.83";"RZR-5J47";"LEANDRO BARRETO DE SOUZA";"SAO GABRIEL";"-11,228653";"-41,879618";"https://www.google.com/maps?q=-11.228653, -41.879618";"Roteirizado"
"0220-0152";"207";"500";"0279";"174.32";"RZR-5J47";"LEANDRO BARRETO DE SOUZA";"SAO GABRIEL";"-11,226967";"-41,881763";"https://www.google.com/maps?q=-11.226967, -41.881763";"Roteirizado"
"0220-0072";"207";"500";"0280";"117.83";"RZR-5J47";"LEANDRO BARRETO DE SOUZA";"SAO GABRIEL";"-11,228370";"-41,877983";"https://www.google.com/maps?q=-11.228370, -41.877983";"Roteirizado"
"0220-0302";"207";"500";"0281";"108.83";"RZR-5J47";"LEANDRO BARRETO DE SOUZA";"SAO GABRIEL";"-11,228117";"-41,877070";"https://www.google.com/maps?q=-11.228117, -41.877070";"Roteirizado"
"0220-0332";"207";"500";"0282";"340.82";"RZR-5J47";"LEANDRO BARRETO DE SOUZA";"SAO GABRIEL";"-11,227775";"-41,877286";"https://www.google.com/maps?q=-11.227775, -41.877286";"Roteirizado"
"0220-0306";"207";"500";"0283";"147.64";"RZR-5J47";"LEANDRO BARRETO DE SOUZA";"SAO GABRIEL";"-11,222663";"-41,873177";"https://www.google.com/maps?q=-11.222663, -41.873177";"Roteirizado"
"0220-0308";"207";"500";"0284";"74.62";"RZR-5J47";"LEANDRO BARRETO DE SOUZA";"SAO GABRIEL";"-11,231766";"-41,874935";"https://www.google.com/maps?q=-11.231766, -41.874935";"Roteirizado"
"0220-0330";"207";"500";"0285";"81.32";"RZR-5J47";"LEANDRO BARRETO DE SOUZA";"SAO GABRIEL";"-11,225265";"-41,862041";"https://www.google.com/maps?q=-11.225265, -41.862041";"Roteirizado"
"0220-0044";"207";"500";"0286";"158.46";"RZR-5J47";"LEANDRO BARRETO DE SOUZA";"SAO GABRIEL";"-11,228448";"-41,878445";"https://www.google.com/maps?q=-11.228448, -41.878445";"Roteirizado"
"0220-0149";"207";"500";"0287";"188.11";"RZR-5J47";"LEANDRO BARRETO DE SOUZA";"SAO GABRIEL";"-11,228310";"-41,876957";"https://www.google.com/maps?q=-11.228310, -41.876957";"Roteirizado"
"0220-0203";"207";"500";"0288";"67.86";"RZR-5J47";"LEANDRO BARRETO DE SOUZA";"SAO GABRIEL";"-11,228312";"-41,877007";"https://www.google.com/maps?q=-11.228312, -41.877007";"Roteirizado"
"0220-0290";"207";"500";"0289";"119.29";"RZR-5J47";"LEANDRO BARRETO DE SOUZA";"SAO GABRIEL";"-11,224563";"-41,872467";"https://www.google.com/maps?q=-11.224563, -41.872467";"Roteirizado"
"0220-0010";"207";"500";"0290";"155.93";"RZR-5J47";"LEANDRO BARRETO DE SOUZA";"SAO GABRIEL";"-11,228501";"-41,878685";"https://www.google.com/maps?q=-11.228501, -41.878685";"Roteirizado"
"0220-0304";"207";"500";"0291";"70.88";"RZR-5J47";"LEANDRO BARRETO DE SOUZA";"SAO GABRIEL";"-11,231014";"-41,876360";"https://www.google.com/maps?q=-11.231014, -41.876360";"Roteirizado"
"0220-0315";"207";"500";"0292";"22.08";"RZR-5J47";"LEANDRO BARRETO DE SOUZA";"SAO GABRIEL";"-11,229623";"-41,876041";"https://www.google.com/maps?q=-11.229623, -41.876041";"Roteirizado"
"0220-0177";"207";"500";"0293";"42.48";"RZR-5J47";"LEANDRO BARRETO DE SOUZA";"SAO GABRIEL";"-11,226697";"-41,884110";"https://www.google.com/maps?q=-11.226697, -41.884110";"Roteirizado"
"0220-0036";"207";"500";"0294";"37.58";"RZR-5J47";"LEANDRO BARRETO DE SOUZA";"SAO GABRIEL";"-11,228577";"-41,878983";"https://www.google.com/maps?q=-11.228577, -41.878983";"Roteirizado"
"0220-0064";"207";"500";"0295";"149.03";"RZR-5J47";"LEANDRO BARRETO DE SOUZA";"SAO GABRIEL";"-11,221969";"-41,873173";"https://www.google.com/maps?q=-11.221969, -41.873173";"Roteirizado"
"0220-0310";"207";"500";"0296";"78.59";"RZR-5J47";"LEANDRO BARRETO DE SOUZA";"SAO GABRIEL";"-11,228056";"-41,878242";"https://www.google.com/maps?q=-11.228056, -41.878242";"Roteirizado"
"0220-0233";"207";"500";"0297";"25.02";"RZR-5J47";"LEANDRO BARRETO DE SOUZA";"SAO GABRIEL";"-11,231445";"-41,875023";"https://www.google.com/maps?q=-11.231445, -41.875023";"Roteirizado"
"0220-0206";"207";"500";"0298";"35.17";"RZR-5J47";"LEANDRO BARRETO DE SOUZA";"SAO GABRIEL";"-11,221840";"-41,866722";"https://www.google.com/maps?q=-11.221840, -41.866722";"Roteirizado"
"0220-0200";"207";"500";"0299";"126.35";"RZR-5J47";"LEANDRO BARRETO DE SOUZA";"SAO GABRIEL";"-11,227821";"-41,874577";"https://www.google.com/maps?q=-11.227821, -41.874577";"Roteirizado"
"0220-0014";"207";"500";"0300";"45.28";"RZR-5J47";"LEANDRO BARRETO DE SOUZA";"SAO GABRIEL";"-11,230817";"-41,883434";"https://www.google.com/maps?q=-11.230817, -41.883434";"Roteirizado"
"0220-0082";"207";"500";"0301";"86.17";"RZR-5J47";"LEANDRO BARRETO DE SOUZA";"SAO GABRIEL";"-11,228705";"-41,879528";"https://www.google.com/maps?q=-11.228705, -41.879528";"Roteirizado"
"0220-0265";"207";"500";"0302";"332.15";"RZR-5J47";"LEANDRO BARRETO DE SOUZA";"SAO GABRIEL";"-11,228611";"-41,878887";"https://www.google.com/maps?q=-11.228611, -41.878887";"Roteirizado"
"0200-2497";"209";"500";"0312";"106.38";"SKB-2F71";"BRUNO DAMACENA DE LIMA";"IRECE";"-11,303862";"-41,851540";"https://www.google.com/maps?q=-11.303862, -41.851540";"Roteirizado"
"0200-1729";"209";"500";"0313";"39.32";"SKB-2F71";"BRUNO DAMACENA DE LIMA";"IRECE";"-11,303201";"-41,853523";"https://www.google.com/maps?q=-11.303201, -41.853523";"Roteirizado"
"0200-0048";"209";"500";"0314";"167.12";"SKB-2F71";"BRUNO DAMACENA DE LIMA";"IRECE";"-11,303440";"-41,854847";"https://www.google.com/maps?q=-11.303440, -41.854847";"Roteirizado"
"0200-1634";"209";"500";"0316";"151.11";"SKB-2F71";"BRUNO DAMACENA DE LIMA";"IRECE";"-11,303114";"-41,857445";"https://www.google.com/maps?q=-11.303114, -41.857445";"Roteirizado"
"0200-0206";"209";"500";"0318";"24.87";"SKB-2F71";"BRUNO DAMACENA DE LIMA";"IRECE";"-11,302689";"-41,848410";"https://www.google.com/maps?q=-11.302689, -41.848410";"Roteirizado"
"0200-3050";"209";"500";"0319";"69.37";"SKB-2F71";"BRUNO DAMACENA DE LIMA";"IRECE";"-11,303380";"-41,857416";"https://www.google.com/maps?q=-11.303380, -41.857416";"Roteirizado"
"0200-2843";"210";"500";"0340";"56.7";"SKB-2F71";"BRUNO DAMACENA DE LIMA";"IRECE";"-11,303451";"-41,856213";"https://www.google.com/maps?q=-11.303451, -41.856213";"Roteirizado"
"0200-3147";"210";"500";"0342";"12.89";"SKB-2F71";"BRUNO DAMACENA DE LIMA";"IRECE";"-11,303961";"-41,857638";"https://www.google.com/maps?q=-11.303961, -41.857638";"Roteirizado"
"0200-2947";"209";"500";"0386";"10.92";"SKB-2F71";"BRUNO DAMACENA DE LIMA";"IRECE";"-11,303448";"-41,854553";"https://www.google.com/maps?q=-11.303448, -41.854553";"Roteirizado"
"0200-3053";"212";"200";"0527";"42.4";"SKB-2F71";"BRUNO DAMACENA DE LIMA";"IRECE";"-11,304297";"-41,854958";"https://www.google.com/maps?q=-11.304297, -41.854958";"Roteirizado"
"0200-3142";"212";"200";"0530";"97.47";"SKB-2F71";"BRUNO DAMACENA DE LIMA";"IRECE";"-11,289297";"-41,841860";"https://www.google.com/maps?q=-11.289297, -41.841860";"Roteirizado"
"0200-0184";"212";"200";"0531";"49.23";"SKB-2F71";"BRUNO DAMACENA DE LIMA";"IRECE";"-11,299657";"-41,846250";"https://www.google.com/maps?q=-11.299657, -41.846250";"Roteirizado"
"0200-3044";"212";"200";"0533";"65.17";"SKB-2F71";"BRUNO DAMACENA DE LIMA";"IRECE";"-11,290739";"-41,849573";"https://www.google.com/maps?q=-11.290739, -41.849573";"Roteirizado"
"0200-3028";"212";"200";"0539";"164.43";"SKB-2F71";"BRUNO DAMACENA DE LIMA";"IRECE";"-11,300674";"-41,848217";"https://www.google.com/maps?q=-11.300674, -41.848217";"Roteirizado"
"0200-2086";"212";"200";"0540";"49.76";"SKB-2F71";"BRUNO DAMACENA DE LIMA";"IRECE";"-11,303869";"-41,850002";"https://www.google.com/maps?q=-11.303869, -41.850002";"Roteirizado"
"0200-0004";"212";"200";"0541";"94.14";"SKB-2F71";"BRUNO DAMACENA DE LIMA";"IRECE";"-11,302038";"-41,847767";"https://www.google.com/maps?q=-11.302038, -41.847767";"Roteirizado"
"0200-3084";"212";"200";"0542";"113.35";"SKB-2F71";"BRUNO DAMACENA DE LIMA";"IRECE";"-11,302290";"-41,847549";"https://www.google.com/maps?q=-11.302290, -41.847549";"Roteirizado"
"0200-2874";"212";"200";"0543";"53.17";"SKB-2F71";"BRUNO DAMACENA DE LIMA";"IRECE";"-11,298922";"-41,847170";"https://www.google.com/maps?q=-11.298922, -41.847170";"Roteirizado"
"0223-0152";"212";"200";"0548";"182.35";"SKB-2F71";"BRUNO DAMACENA DE LIMA";"IRECE";"-11,285195";"-41,847183";"https://www.google.com/maps?q=-11.285195, -41.847183";"Roteirizado"
"0200-2714";"212";"200";"0549";"34.58";"SKB-2F71";"BRUNO DAMACENA DE LIMA";"IRECE";"-11,300917";"-41,852207";"https://www.google.com/maps?q=-11.300917, -41.852207";"Roteirizado"
"0200-2508";"209";"500";"0303";"46.8";"NTW-2941";"ERNANI MAGNO DOURADO DE SOUZA";"IRECE";"-11,304112";"-41,840640";"https://www.google.com/maps?q=-11.304112, -41.840640";"Roteirizado"
"0200-3077";"209";"500";"0304";"22.72";"NTW-2941";"ERNANI MAGNO DOURADO DE SOUZA";"IRECE";"-11,302515";"-41,845024";"https://www.google.com/maps?q=-11.302515, -41.845024";"Roteirizado"
"0200-0287";"209";"500";"0305";"45.07";"NTW-2941";"ERNANI MAGNO DOURADO DE SOUZA";"IRECE";"-11,301942";"-41,845100";"https://www.google.com/maps?q=-11.301942, -41.845100";"Roteirizado"
"0200-2209";"209";"500";"0306";"30.3";"NTW-2941";"ERNANI MAGNO DOURADO DE SOUZA";"IRECE";"-11,307919";"-41,852240";"https://www.google.com/maps?q=-11.307919, -41.852240";"Roteirizado"
"0200-2132";"209";"500";"0307";"25.3";"NTW-2941";"ERNANI MAGNO DOURADO DE SOUZA";"IRECE";"-11,303773";"-41,845387";"https://www.google.com/maps?q=-11.303773, -41.845387";"Roteirizado"
"0200-3175";"209";"500";"0309";"38.23";"NTW-2941";"ERNANI MAGNO DOURADO DE SOUZA";"";"-11,306419";"-41,844827";"https://www.google.com/maps?q=-11.306419, -41.844827";"Roteirizado"
"0200-0085";"209";"500";"0310";"109.59";"NTW-2941";"ERNANI MAGNO DOURADO DE SOUZA";"IRECE";"-11,305315";"-41,850822";"https://www.google.com/maps?q=-11.305315, -41.850822";"Roteirizado"
"0200-0384";"209";"500";"0311";"49.39";"NTW-2941";"ERNANI MAGNO DOURADO DE SOUZA";"IRECE";"-11,304170";"-41,844860";"https://www.google.com/maps?q=-11.304170, -41.844860";"Roteirizado"
"0200-2925";"209";"500";"0315";"657.32";"NTW-2941";"ERNANI MAGNO DOURADO DE SOUZA";"IRECE";"-11,303710";"-41,850540";"https://www.google.com/maps?q=-11.303710, -41.850540";"Roteirizado"
"0200-1002";"209";"500";"0317";"449.15";"NTW-2941";"ERNANI MAGNO DOURADO DE SOUZA";"IRECE";"-11,303301";"-41,854492";"https://www.google.com/maps?q=-11.303301, -41.854492";"Roteirizado"
"0200-3078";"209";"500";"0321";"37.54";"NTW-2941";"ERNANI MAGNO DOURADO DE SOUZA";"IRECE";"-11,312640";"-41,856534";"https://www.google.com/maps?q=-11.312640, -41.856534";"Roteirizado"
"0200-2740";"210";"500";"0323";"11.64";"NTW-2941";"ERNANI MAGNO DOURADO DE SOUZA";"IRECE";"-11,300878";"-41,861160";"https://www.google.com/maps?q=-11.300878, -41.861160";"Roteirizado"
"0200-2398";"210";"500";"0324";"101.94";"NTW-2941";"ERNANI MAGNO DOURADO DE SOUZA";"IRECE";"-11,301036";"-41,861410";"https://www.google.com/maps?q=-11.301036, -41.861410";"Roteirizado"
"0200-1181";"210";"500";"0325";"73.14";"NTW-2941";"ERNANI MAGNO DOURADO DE SOUZA";"IRECE";"-11,301568";"-41,861065";"https://www.google.com/maps?q=-11.301568, -41.861065";"Roteirizado"
"0200-0462";"210";"500";"0326";"51.7";"NTW-2941";"ERNANI MAGNO DOURADO DE SOUZA";"IRECE";"-11,300867";"-41,861095";"https://www.google.com/maps?q=-11.300867, -41.861095";"Roteirizado"
"0200-2875";"210";"500";"0327";"36.34";"NTW-2941";"ERNANI MAGNO DOURADO DE SOUZA";"IRECE";"-11,301004";"-41,861168";"https://www.google.com/maps?q=-11.301004, -41.861168";"Roteirizado"
"0200-0791";"210";"500";"0328";"35.6";"NTW-2941";"ERNANI MAGNO DOURADO DE SOUZA";"IRECE";"-11,301168";"-41,861485";"https://www.google.com/maps?q=-11.301168, -41.861485";"Roteirizado"
"0200-2067";"210";"500";"0330";"53.58";"NTW-2941";"ERNANI MAGNO DOURADO DE SOUZA";"IRECE";"-11,300928";"-41,861855";"https://www.google.com/maps?q=-11.300928, -41.861855";"Roteirizado"
"0200-0823";"210";"500";"0331";"54.21";"NTW-2941";"ERNANI MAGNO DOURADO DE SOUZA";"IRECE";"-11,300972";"-41,861088";"https://www.google.com/maps?q=-11.300972, -41.861088";"Roteirizado"
"0200-2053";"210";"500";"0332";"28.73";"NTW-2941";"ERNANI MAGNO DOURADO DE SOUZA";"IRECE";"-11,300384";"-41,861040";"https://www.google.com/maps?q=-11.300384, -41.861040";"Roteirizado"
"0200-2858";"210";"500";"0344";"39.18";"NTW-2941";"ERNANI MAGNO DOURADO DE SOUZA";"IRECE";"-11,308929";"-41,856618";"https://www.google.com/maps?q=-11.308929, -41.856618";"Roteirizado"
"0200-2656";"210";"500";"0345";"82.79";"NTW-2941";"ERNANI MAGNO DOURADO DE SOUZA";"IRECE";"-11,299628";"-41,860085";"https://www.google.com/maps?q=-11.299628, -41.860085";"Roteirizado"
"0200-2842";"212";"200";"0528";"231.67";"NTW-2941";"ERNANI MAGNO DOURADO DE SOUZA";"IRECE";"-11,314657";"-41,854380";"https://www.google.com/maps?q=-11.314657, -41.854380";"Roteirizado"
"0200-3063";"212";"200";"0529";"12.82";"NTW-2941";"ERNANI MAGNO DOURADO DE SOUZA";"IRECE";"-11,304751";"-41,849206";"https://www.google.com/maps?q=-11.304751, -41.849206";"Roteirizado"
"0200-2134";"212";"200";"0532";"45.82";"NTW-2941";"ERNANI MAGNO DOURADO DE SOUZA";"IRECE";"-11,309456";"-41,848053";"https://www.google.com/maps?q=-11.309456, -41.848053";"Roteirizado"
"0201-0064";"212";"200";"0534";"20.12";"NTW-2941";"ERNANI MAGNO DOURADO DE SOUZA";"IRECE";"-11,304074";"-41,839638";"https://www.google.com/maps?q=-11.304074, -41.839638";"Roteirizado"
"0200-2815";"212";"200";"0535";"55.58";"NTW-2941";"ERNANI MAGNO DOURADO DE SOUZA";"IRECE";"-11,304127";"-41,840317";"https://www.google.com/maps?q=-11.304127, -41.840317";"Roteirizado"
"0200-2710";"212";"200";"0536";"32.2";"NTW-2941";"ERNANI MAGNO DOURADO DE SOUZA";"IRECE";"-11,302976";"-41,844097";"https://www.google.com/maps?q=-11.302976, -41.844097";"Roteirizado"
"0200-2978";"212";"200";"0537";"53.05";"NTW-2941";"ERNANI MAGNO DOURADO DE SOUZA";"IRECE";"-11,304093";"-41,838436";"https://www.google.com/maps?q=-11.304093, -41.838436";"Roteirizado"
"0200-2867";"212";"200";"0538";"21.98";"NTW-2941";"ERNANI MAGNO DOURADO DE SOUZA";"IRECE";"-11,301436";"-41,841965";"https://www.google.com/maps?q=-11.301436, -41.841965";"Roteirizado"
"0200-0843";"212";"200";"0544";"59.81";"NTW-2941";"ERNANI MAGNO DOURADO DE SOUZA";"IRECE";"-11,299697";"-41,842865";"https://www.google.com/maps?q=-11.299697, -41.842865";"Roteirizado"
"0200-3107";"212";"200";"0545";"66.72";"NTW-2941";"ERNANI MAGNO DOURADO DE SOUZA";"IRECE";"-11,301472";"-41,842107";"https://www.google.com/maps?q=-11.301472, -41.842107";"Roteirizado"
"0200-1663";"212";"200";"0546";"25.24";"NTW-2941";"ERNANI MAGNO DOURADO DE SOUZA";"IRECE";"-11,305993";"-41,848778";"https://www.google.com/maps?q=-11.305993, -41.848778";"Roteirizado"
"0200-1945";"212";"200";"0547";"35.9";"NTW-2941";"ERNANI MAGNO DOURADO DE SOUZA";"IRECE";"-11,299000";"-41,842655";"https://www.google.com/maps?q=-11.299000, -41.842655";"Roteirizado"
"0200-2976";"212";"200";"0550";"40.06";"NTW-2941";"ERNANI MAGNO DOURADO DE SOUZA";"IRECE";"-11,300836";"-41,842360";"https://www.google.com/maps?q=-11.300836, -41.842360";"Roteirizado"
"0200-2766";"211";"500";"0190";"111.53";"KBW-2B13";"FRETE GILVAN";"IRECE";"-11,304336";"-41,869590";"https://www.google.com/maps?q=-11.304336, -41.869590";"Roteirizado"
"0200-2937";"211";"500";"0191";"18.15";"KBW-2B13";"FRETE GILVAN";"IRECE";"-11,305464";"-41,867786";"https://www.google.com/maps?q=-11.305464, -41.867786";"Roteirizado"
"0200-3103";"211";"500";"0192";"129.21";"KBW-2B13";"FRETE GILVAN";"IRECE";"-11,305593";"-41,866648";"https://www.google.com/maps?q=-11.305593, -41.866648";"Roteirizado"
"0200-1972";"211";"500";"0193";"110.91";"KBW-2B13";"FRETE GILVAN";"IRECE";"-11,306022";"-41,870472";"https://www.google.com/maps?q=-11.306022, -41.870472";"Roteirizado"
"0200-1366";"211";"500";"0194";"43.19";"KBW-2B13";"FRETE GILVAN";"IRECE";"-11,306907";"-41,870853";"https://www.google.com/maps?q=-11.306907, -41.870853";"Roteirizado"
"0200-0317";"211";"500";"0195";"58.71";"KBW-2B13";"FRETE GILVAN";"IRECE";"-11,306111";"-41,874170";"https://www.google.com/maps?q=-11.306111, -41.874170";"Roteirizado"
"0200-2276";"211";"500";"0196";"20.5";"KBW-2B13";"FRETE GILVAN";"IRECE";"-11,306945";"-41,870556";"https://www.google.com/maps?q=-11.306945, -41.870556";"Roteirizado"
"0200-3171";"211";"500";"0197";"23.4";"KBW-2B13";"FRETE GILVAN";"IRECE";"-11,307476";"-41,871404";"https://www.google.com/maps?q=-11.307476, -41.871404";"Roteirizado"
"0200-2447";"211";"500";"0198";"78.02";"KBW-2B13";"FRETE GILVAN";"IRECE";"-11,307532";"-41,870320";"https://www.google.com/maps?q=-11.307532, -41.870320";"Roteirizado"
"0200-0657";"211";"500";"0199";"62.09";"KBW-2B13";"FRETE GILVAN";"IRECE";"-11,307777";"-41,871387";"https://www.google.com/maps?q=-11.307777, -41.871387";"Roteirizado"
"0200-2412";"211";"500";"0200";"45.49";"KBW-2B13";"FRETE GILVAN";"IRECE";"-11,307500";"-41,873055";"https://www.google.com/maps?q=-11.307500, -41.873055";"Roteirizado"
"0200-2412";"211";"500";"0201";"25.92";"KBW-2B13";"FRETE GILVAN";"IRECE";"-11,307500";"-41,873055";"https://www.google.com/maps?q=-11.307500, -41.873055";"Roteirizado"
"0200-2302";"211";"500";"0202";"168.85";"KBW-2B13";"FRETE GILVAN";"IRECE";"-11,313333";"-41,874720";"https://www.google.com/maps?q=-11.313333, -41.874720";"Roteirizado"
"0200-1822";"211";"500";"0203";"58.23";"KBW-2B13";"FRETE GILVAN";"IRECE";"-11,309393";"-41,873447";"https://www.google.com/maps?q=-11.309393, -41.873447";"Roteirizado"
"0200-3036";"211";"500";"0204";"41.72";"KBW-2B13";"FRETE GILVAN";"IRECE";"-11,311511";"-41,874371";"https://www.google.com/maps?q=-11.311511, -41.874371";"Roteirizado"
"0200-3108";"211";"500";"0205";"56.89";"KBW-2B13";"FRETE GILVAN";"IRECE";"-11,311848";"-41,873826";"https://www.google.com/maps?q=-11.311848, -41.873826";"Roteirizado"
"0200-3045";"211";"500";"0206";"76.28";"KBW-2B13";"FRETE GILVAN";"IRECE";"-11,311615";"-41,873520";"https://www.google.com/maps?q=-11.311615, -41.873520";"Roteirizado"
"0200-2935";"211";"500";"0207";"63.81";"KBW-2B13";"FRETE GILVAN";"IRECE";"-11,311822";"-41,873783";"https://www.google.com/maps?q=-11.311822, -41.873783";"Roteirizado"
"0200-2937";"211";"500";"0208";"73.75";"KBW-2B13";"FRETE GILVAN";"IRECE";"-11,305464";"-41,867786";"https://www.google.com/maps?q=-11.305464, -41.867786";"Roteirizado"
"0200-3165";"211";"500";"0209";"188.68";"KBW-2B13";"FRETE GILVAN";"IRECE";"-11,304421";"-41,874383";"https://www.google.com/maps?q=-11.304421, -41.874383";"Roteirizado"
"0200-2722";"211";"500";"0210";"106.93";"KBW-2B13";"FRETE GILVAN";"IRECE";"-11,305553";"-41,868570";"https://www.google.com/maps?q=-11.305553, -41.868570";"Roteirizado"
"0200-2235";"209";"500";"0308";"38.59";"KBW-2B13";"FRETE GILVAN";"IRECE";"-11,309665";"-41,863258";"https://www.google.com/maps?q=-11.309665, -41.863258";"Roteirizado"
"0200-3164";"209";"500";"0320";"101.36";"KBW-2B13";"FRETE GILVAN";"IRECE";"-11,305538";"-41,866095";"https://www.google.com/maps?q=-11.305538, -41.866095";"Roteirizado"
"0200-0249";"210";"500";"0329";"38.14";"KBW-2B13";"FRETE GILVAN";"IRECE";"-11,302267";"-41,863120";"https://www.google.com/maps?q=-11.302267, -41.863120";"Roteirizado"
"0200-2293";"210";"500";"0333";"30.6";"KBW-2B13";"FRETE GILVAN";"IRECE";"-11,301259";"-41,862915";"https://www.google.com/maps?q=-11.301259, -41.862915";"Roteirizado"
"0200-2174";"210";"500";"0334";"44.28";"KBW-2B13";"FRETE GILVAN";"IRECE";"-11,294910";"-41,862260";"https://www.google.com/maps?q=-11.294910, -41.862260";"Roteirizado"
"0200-0468";"210";"500";"0335";"51.54";"KBW-2B13";"FRETE GILVAN";"IRECE";"-11,299672";"-41,866830";"https://www.google.com/maps?q=-11.299672, -41.866830";"Roteirizado"
"0200-1743";"210";"500";"0336";"33.38";"KBW-2B13";"FRETE GILVAN";"IRECE";"-11,300278";"-41,864720";"https://www.google.com/maps?q=-11.300278, -41.864720";"Roteirizado"
"0200-1484";"210";"500";"0337";"209.06";"KBW-2B13";"FRETE GILVAN";"IRECE";"-11,298126";"-41,864380";"https://www.google.com/maps?q=-11.298126, -41.864380";"Roteirizado"
"0200-1809";"210";"500";"0338";"161.63";"KBW-2B13";"FRETE GILVAN";"IRECE";"-11,304081";"-41,866280";"https://www.google.com/maps?q=-11.304081, -41.866280";"Roteirizado"
"0200-2823";"210";"500";"0339";"42.37";"KBW-2B13";"FRETE GILVAN";"IRECE";"-11,304750";"-41,866520";"https://www.google.com/maps?q=-11.304750, -41.866520";"Roteirizado"
"0200-0436";"210";"500";"0341";"69.76";"KBW-2B13";"FRETE GILVAN";"IRECE";"-11,305589";"-41,866386";"https://www.google.com/maps?q=-11.305589, -41.866386";"Roteirizado"
"0200-3149";"210";"500";"0343";"158.12";"KBW-2B13";"FRETE GILVAN";"IRECE";"-11,308693";"-41,871906";"https://www.google.com/maps?q=-11.308693, -41.871906";"Roteirizado"
"0200-2447";"211";"500";"0385";"81.64";"KBW-2B13";"FRETE GILVAN";"IRECE";"-11,307532";"-41,870320";"https://www.google.com/maps?q=-11.307532, -41.870320";"Roteirizado"
"0200-0732";"203";"200";"0523";"86.3";"KBW-2B13";"FRETE GILVAN";"IRECE";"-11,298216";"-41,875160";"https://www.google.com/maps?q=-11.298216, -41.875160";"Roteirizado"
"0200-0442";"203";"200";"0524";"20.79";"KBW-2B13";"FRETE GILVAN";"IRECE";"-11,296293";"-41,859300";"https://www.google.com/maps?q=-11.296293, -41.859300";"Roteirizado"
"0200-0332";"203";"200";"0525";"58.5";"KBW-2B13";"FRETE GILVAN";"IRECE";"-11,299807";"-41,864513";"https://www.google.com/maps?q=-11.299807, -41.864513";"Roteirizado"
"0200-2692";"203";"200";"0526";"28.55";"KBW-2B13";"FRETE GILVAN";"IRECE";"-11,308817";"-41,868610";"https://www.google.com/maps?q=-11.308817, -41.868610";"Roteirizado"
"0221-0170";"202";"500";"0011";"44.66";"SJJ-0F58";"GILVAN ARAUJO DE JESUS";"SOUTO SOARES";"-12,015113";"-41,669678";"https://www.google.com/maps?q=-12.015113, -41.669678";"Roteirizado"
"0221-0186";"202";"500";"0013";"10.53";"SJJ-0F58";"GILVAN ARAUJO DE JESUS";"";"-12,013466";"-41,669565";"https://www.google.com/maps?q=-12.013466, -41.669565";"Roteirizado"
"0221-0059";"202";"500";"0014";"103.78";"SJJ-0F58";"GILVAN ARAUJO DE JESUS";"SOUTO SOARES";"-12,016534";"-41,668040";"https://www.google.com/maps?q=-12.016534, -41.668040";"Roteirizado"
"0221-0185";"202";"500";"0015";"95.08";"SJJ-0F58";"GILVAN ARAUJO DE JESUS";"SOUTO SOARES";"-12,015952";"-41,669098";"https://www.google.com/maps?q=-12.015952, -41.669098";"Roteirizado"
"0221-0059";"202";"500";"0017";"12.46";"SJJ-0F58";"GILVAN ARAUJO DE JESUS";"SOUTO SOARES";"-12,016534";"-41,668040";"https://www.google.com/maps?q=-12.016534, -41.668040";"Roteirizado"
"0221-0107";"202";"500";"0018";"164.17";"SJJ-0F58";"GILVAN ARAUJO DE JESUS";"SOUTO SOARES";"-12,016726";"-41,668076";"https://www.google.com/maps?q=-12.016726, -41.668076";"Roteirizado"
"0211-0278";"202";"500";"0043";"161.61";"SJJ-0F58";"GILVAN ARAUJO DE JESUS";"IRAQUARA";"-12,248382";"-41,617443";"https://www.google.com/maps?q=-12.248382, -41.617443";"Roteirizado"
"0211-0036";"202";"500";"0044";"88.55";"SJJ-0F58";"GILVAN ARAUJO DE JESUS";"IRAQUARA";"-12,247048";"-41,617080";"https://www.google.com/maps?q=-12.247048, -41.617080";"Roteirizado"
"0211-0192";"202";"500";"0045";"63.99";"SJJ-0F58";"GILVAN ARAUJO DE JESUS";"IRAQUARA";"-12,246294";"-41,617966";"https://www.google.com/maps?q=-12.246294, -41.617966";"Roteirizado"
"0211-0285";"202";"500";"0046";"71.57";"SJJ-0F58";"GILVAN ARAUJO DE JESUS";"IRAQUARA";"-12,243577";"-41,615920";"https://www.google.com/maps?q=-12.243577, -41.615920";"Roteirizado"
"0211-0268";"202";"500";"0047";"122.35";"SJJ-0F58";"GILVAN ARAUJO DE JESUS";"IRAQUARA";"-12,245094";"-41,618200";"https://www.google.com/maps?q=-12.245094, -41.618200";"Roteirizado"
"0211-0324";"202";"500";"0048";"79.84";"SJJ-0F58";"GILVAN ARAUJO DE JESUS";"IRAQUARA";"-12,237202";"-41,616962";"https://www.google.com/maps?q=-12.237202, -41.616962";"Roteirizado"
"0211-0331";"202";"500";"0049";"89.76";"SJJ-0F58";"GILVAN ARAUJO DE JESUS";"IRAQUARA";"-12,238552";"-41,619717";"https://www.google.com/maps?q=-12.238552, -41.619717";"Roteirizado"
"0211-0332";"202";"500";"0050";"223.49";"SJJ-0F58";"GILVAN ARAUJO DE JESUS";"IRAQUARA";"-12,243992";"-41,614994";"https://www.google.com/maps?q=-12.243992, -41.614994";"Roteirizado"
"0211-0134";"202";"500";"0051";"79.05";"SJJ-0F58";"GILVAN ARAUJO DE JESUS";"IRAQUARA";"-12,236820";"-41,617466";"https://www.google.com/maps?q=-12.236820, -41.617466";"Roteirizado"
"0211-0351";"202";"500";"0053";"248.47";"SJJ-0F58";"GILVAN ARAUJO DE JESUS";"IRAQUARA";"-12,255919";"-41,606118";"https://www.google.com/maps?q=-12.255919, -41.606118";"Roteirizado"
"0211-0303";"202";"500";"0054";"51.7";"SJJ-0F58";"GILVAN ARAUJO DE JESUS";"IRAQUARA";"-12,246823";"-41,612774";"https://www.google.com/maps?q=-12.246823, -41.612774";"Roteirizado"
"0211-0293";"202";"500";"0055";"130.02";"SJJ-0F58";"GILVAN ARAUJO DE JESUS";"IRAQUARA";"-12,246125";"-41,615420";"https://www.google.com/maps?q=-12.246125, -41.615420";"Roteirizado"
"0211-0207";"202";"500";"0056";"294.48";"SJJ-0F58";"GILVAN ARAUJO DE JESUS";"IRAQUARA";"-12,246155";"-41,615456";"https://www.google.com/maps?q=-12.246155, -41.615456";"Roteirizado"
"0211-0248";"202";"500";"0057";"64.23";"SJJ-0F58";"GILVAN ARAUJO DE JESUS";"IRAQUARA";"-12,246438";"-41,613030";"https://www.google.com/maps?q=-12.246438, -41.613030";"Roteirizado"
"0211-0020";"202";"500";"0058";"16.36";"SJJ-0F58";"GILVAN ARAUJO DE JESUS";"IRAQUARA";"-12,242376";"-41,616898";"https://www.google.com/maps?q=-12.242376, -41.616898";"Roteirizado"
"0211-0345";"202";"500";"0059";"28.9";"SJJ-0F58";"GILVAN ARAUJO DE JESUS";"IRAQUARA";"-12,246311";"-41,618213";"https://www.google.com/maps?q=-12.246311, -41.618213";"Roteirizado"
"0211-0262";"202";"500";"0060";"156.01";"SJJ-0F58";"GILVAN ARAUJO DE JESUS";"IRAQUARA";"-12,246252";"-41,615590";"https://www.google.com/maps?q=-12.246252, -41.615590";"Roteirizado"
"0211-0343";"202";"500";"0061";"155.18";"SJJ-0F58";"GILVAN ARAUJO DE JESUS";"IRAQUARA";"-12,198330";"-41,615291";"https://www.google.com/maps?q=-12.198330, -41.615291";"Roteirizado"
"0211-0038";"202";"500";"0063";"76.78";"SJJ-0F58";"GILVAN ARAUJO DE JESUS";"IRAQUARA";"-12,198665";"-41,615280";"https://www.google.com/maps?q=-12.198665, -41.615280";"Roteirizado"
"0221-0108";"202";"500";"0004";"164.93";"NYN-6588";"OBERDAN ALVES DO NASCIMENTO JESUS";"SOUTO SOARES";"-12,086322";"-41,608624";"https://www.google.com/maps?q=-12.086322, -41.608624";"Roteirizado"
"0221-0163";"202";"500";"0005";"91.83";"NYN-6588";"OBERDAN ALVES DO NASCIMENTO JESUS";"SOUTO SOARES";"-12,086396";"-41,608612";"https://www.google.com/maps?q=-12.086396, -41.608612";"Roteirizado"
"0221-0022";"202";"500";"0006";"96.4";"NYN-6588";"OBERDAN ALVES DO NASCIMENTO JESUS";"SOUTO SOARES";"-12,065386";"-41,599216";"https://www.google.com/maps?q=-12.065386, -41.599216";"Roteirizado"
"0221-0003";"202";"500";"0007";"100.4";"NYN-6588";"OBERDAN ALVES DO NASCIMENTO JESUS";"SOUTO SOARES";"-12,079733";"-41,600740";"https://www.google.com/maps?q=-12.079733, -41.600740";"Roteirizado"
"0221-0069";"202";"500";"0008";"43.77";"NYN-6588";"OBERDAN ALVES DO NASCIMENTO JESUS";"SOUTO SOARES";"-12,086177";"-41,608948";"https://www.google.com/maps?q=-12.086177, -41.608948";"Roteirizado"
"0221-0001";"202";"500";"0009";"39.54";"NYN-6588";"OBERDAN ALVES DO NASCIMENTO JESUS";"SOUTO SOARES";"-12,085834";"-41,608890";"https://www.google.com/maps?q=-12.085834, -41.608890";"Roteirizado"
"0221-0132";"202";"500";"0012";"263.26";"NYN-6588";"OBERDAN ALVES DO NASCIMENTO JESUS";"SOUTO SOARES";"-12,086596";"-41,648586";"https://www.google.com/maps?q=-12.086596, -41.648586";"Roteirizado"
"0221-0154";"202";"500";"0016";"241.43";"NYN-6588";"OBERDAN ALVES DO NASCIMENTO JESUS";"SOUTO SOARES";"-12,087247";"-41,648660";"https://www.google.com/maps?q=-12.087247, -41.648660";"Roteirizado"
"0221-0139";"202";"500";"0019";"12.62";"NYN-6588";"OBERDAN ALVES DO NASCIMENTO JESUS";"SOUTO SOARES";"-12,089167";"-41,648613";"https://www.google.com/maps?q=-12.089167, -41.648613";"Roteirizado"
"0221-0139";"202";"500";"0020";"621.96";"NYN-6588";"OBERDAN ALVES DO NASCIMENTO JESUS";"SOUTO SOARES";"-12,089167";"-41,648613";"https://www.google.com/maps?q=-12.089167, -41.648613";"Roteirizado"
"0221-0109";"202";"500";"0021";"336.07";"NYN-6588";"OBERDAN ALVES DO NASCIMENTO JESUS";"SOUTO SOARES";"-12,088923";"-41,649870";"https://www.google.com/maps?q=-12.088923, -41.649870";"Roteirizado"
"0221-0014";"202";"500";"0022";"39.63";"NYN-6588";"OBERDAN ALVES DO NASCIMENTO JESUS";"SOUTO SOARES";"-12,089579";"-41,648060";"https://www.google.com/maps?q=-12.089579, -41.648060";"Roteirizado"
"0221-0015";"202";"500";"0023";"56.68";"NYN-6588";"OBERDAN ALVES DO NASCIMENTO JESUS";"SOUTO SOARES";"-12,089611";"-41,648083";"https://www.google.com/maps?q=-12.089611, -41.648083";"Roteirizado"
"0221-0037";"202";"500";"0024";"73.99";"NYN-6588";"OBERDAN ALVES DO NASCIMENTO JESUS";"SOUTO SOARES";"-12,091222";"-41,647280";"https://www.google.com/maps?q=-12.091222, -41.647280";"Roteirizado"
"0221-0160";"202";"500";"0025";"22.72";"NYN-6588";"OBERDAN ALVES DO NASCIMENTO JESUS";"SOUTO SOARES";"-12,092096";"-41,650800";"https://www.google.com/maps?q=-12.092096, -41.650800";"Roteirizado"
"0221-0114";"202";"500";"0026";"46.92";"NYN-6588";"OBERDAN ALVES DO NASCIMENTO JESUS";"SOUTO SOARES";"-12,091275";"-41,651554";"https://www.google.com/maps?q=-12.091275, -41.651554";"Roteirizado"
"0221-0023";"202";"500";"0027";"60.78";"NYN-6588";"OBERDAN ALVES DO NASCIMENTO JESUS";"SOUTO SOARES";"-12,091535";"-41,651245";"https://www.google.com/maps?q=-12.091535, -41.651245";"Roteirizado"
"0221-0010";"202";"500";"0028";"139.12";"NYN-6588";"OBERDAN ALVES DO NASCIMENTO JESUS";"SOUTO SOARES";"-12,093183";"-41,648150";"https://www.google.com/maps?q=-12.093183, -41.648150";"Roteirizado"
"0221-0123";"202";"500";"0029";"132.23";"NYN-6588";"OBERDAN ALVES DO NASCIMENTO JESUS";"SOUTO SOARES";"-12,093451";"-41,648083";"https://www.google.com/maps?q=-12.093451, -41.648083";"Roteirizado"
"0221-0169";"202";"500";"0030";"59.93";"NYN-6588";"OBERDAN ALVES DO NASCIMENTO JESUS";"SOUTO SOARES";"-12,091723";"-41,648678";"https://www.google.com/maps?q=-12.091723, -41.648678";"Roteirizado"
"0221-0095";"202";"500";"0031";"67.78";"NYN-6588";"OBERDAN ALVES DO NASCIMENTO JESUS";"SOUTO SOARES";"-12,092469";"-41,648396";"https://www.google.com/maps?q=-12.092469, -41.648396";"Roteirizado"
"0211-0308";"202";"500";"0032";"202.69";"NYN-6588";"OBERDAN ALVES DO NASCIMENTO JESUS";"SOUTO SOARES";"-12,089884";"-41,648342";"https://www.google.com/maps?q=-12.089884, -41.648342";"Roteirizado"
"0221-0175";"202";"500";"0033";"166.04";"NYN-6588";"OBERDAN ALVES DO NASCIMENTO JESUS";"SOUTO SOARES";"-12,087913";"-41,648556";"https://www.google.com/maps?q=-12.087913, -41.648556";"Roteirizado"
"0221-0175";"202";"500";"0034";"113.08";"NYN-6588";"OBERDAN ALVES DO NASCIMENTO JESUS";"SOUTO SOARES";"-12,087913";"-41,648556";"https://www.google.com/maps?q=-12.087913, -41.648556";"Roteirizado"
"0221-0175";"202";"500";"0035";"119.58";"NYN-6588";"OBERDAN ALVES DO NASCIMENTO JESUS";"SOUTO SOARES";"-12,087913";"-41,648556";"https://www.google.com/maps?q=-12.087913, -41.648556";"Roteirizado"
"0221-0176";"202";"500";"0036";"62.92";"NYN-6588";"OBERDAN ALVES DO NASCIMENTO JESUS";"SOUTO SOARES";"-12,089884";"-41,649742";"https://www.google.com/maps?q=-12.089884, -41.649742";"Roteirizado"
"0221-0016";"202";"500";"0037";"24.2";"NYN-6588";"OBERDAN ALVES DO NASCIMENTO JESUS";"SOUTO SOARES";"-12,089535";"-41,647743";"https://www.google.com/maps?q=-12.089535, -41.647743";"Roteirizado"
"0221-0167";"202";"500";"0038";"115.51";"NYN-6588";"OBERDAN ALVES DO NASCIMENTO JESUS";"SOUTO SOARES";"-12,090390";"-41,650223";"https://www.google.com/maps?q=-12.090390, -41.650223";"Roteirizado"
"0221-0164";"202";"500";"0039";"25.64";"NYN-6588";"OBERDAN ALVES DO NASCIMENTO JESUS";"SOUTO SOARES";"-12,091468";"-41,649220";"https://www.google.com/maps?q=-12.091468, -41.649220";"Roteirizado"
"0221-0149";"202";"500";"0040";"163.79";"NYN-6588";"OBERDAN ALVES DO NASCIMENTO JESUS";"SOUTO SOARES";"-12,091463";"-41,649258";"https://www.google.com/maps?q=-12.091463, -41.649258";"Roteirizado"
"0221-0182";"202";"500";"0041";"14.93";"NYN-6588";"OBERDAN ALVES DO NASCIMENTO JESUS";"SOUTO SOARES";"-12,089463";"-41,647412";"https://www.google.com/maps?q=-12.089463, -41.647412";"Roteirizado"
"0221-0113";"202";"500";"0042";"145.43";"NYN-6588";"OBERDAN ALVES DO NASCIMENTO JESUS";"SOUTO SOARES";"-12,094476";"-41,640778";"https://www.google.com/maps?q=-12.094476, -41.640778";"Roteirizado"
"0226-0206";"215";"300";"0174";"9.48";"";"";"VARZEA NOVA";"-11,053275";"-40,781944";"https://www.google.com/maps?q=-11.053275, -40.781944";"Não roteirizado"